bitrix_id;company_id;omni_id
54497;4bba985f-6922-4c23-93bb-0124f2e343ff;
54481;c571a718-3c23-466d-bbcd-498ada57be2d;
54479;7f2382df-d664-4151-8e62-1e60e64c93fd;
54457;c8327962-0520-40ef-8f40-f55badfa0304;
54427;4bdf7dfc-00f6-4a11-9ce6-c6fc83c9eef5;
54421;c4f6bd37-8291-46c1-a579-fbb5ff6d871c;
54375;dfee3bab-dd49-4277-a201-e95153d680c5;
54373;eaacadfc-e9d6-4322-9f11-04709e0efee6;
54361;2a162f3d-d81e-4e9e-8865-5448a12ab1bc;
54313;a1cd2ab7-8eb5-4328-ac96-a2f9ca0b7165;
54297;b0f457c8-5e19-4050-8e92-831c84c48c38;
54233;52bb78a7-08f9-477e-8dc2-2b83bda8b040;
54179;c9505db2-42b6-4f25-a268-59bd97efa1a2;
54175;07a730e9-518f-44de-90e8-45844b8f0dff;
54161;c9505db2-42b6-4f25-a268-59bd97efa1a2;
54139;81942121-2567-450b-b55c-857f2a1443c5;
54121;c3a7728e-d5b5-4594-a238-01522c093820;
54083;3349f487-c061-4a93-9eb8-f357a6da07a9;1991132
54081;0b593036-176d-4f5b-b9e4-c8d0cb482e9b;1228040
54079;0a9cceba-b60c-4446-b57d-535773ac7bf4;1847875
54077;0a1d717f-b385-4586-803d-30dae19735fb;
54075;663bbf5a-b75f-4520-aa5e-3663d4034f38;1988587
54073;95599f93-6dd3-4813-a906-647c456994d9;1781385
54071;08c093c6-5816-42e4-8f46-a5e85f9a1348;1807358
54069;07c46e86-0560-405d-a66a-741335b4217a;2015282
54067;0781b50c-7f86-43b4-bb50-ea4d7253da59;2003689
54065;06dc6411-549f-44d6-9fa6-eb555c4ecae9;1632707
54061;06cee6cc-4a0e-4812-a65e-5b4517e4cddb;1992940
54059;05aa0ba9-a238-400e-a3a8-3bfbf7b19445;1803003
54057;0591c5c4-4394-4bb9-8db9-4227250f69bb;1176454
54055;b9e4b79e-2059-4ef7-a869-34f80f897fca;
54053;ed0ca4ae-b201-46aa-afa2-733ea963fa14;1912045
54051;0579c11b-764a-4e35-ab5f-18420b68c426;1226359
54049;056978ee-f829-4db2-a8ab-01629f31e62c;1716413
54047;d057f633-b6ff-4e1f-b270-1440d211624b;1221237
54045;0353b2d2-d3d8-41be-895a-d792682d55e3;1942109
54043;025c507c-d463-4a4b-a8a7-9b35169be8c6;2015325
54041;0256eb54-6e07-4615-9e70-b15d54f342be;1410929
54039;024cb595-51cd-4bbc-82d6-8891825d8fb7;
54037;528d9bcb-cf33-4314-9784-7ab69d88191a;1604613
54035;01fc86d9-dce0-40fc-a534-00c88f56e851;1868874
54033;01ca7aa2-9ba2-4e77-ab64-6d564320a93b;1950214
54031;01b541a6-c888-4dd8-ab7b-69cdac5be64f;1886878
54029;00b17200-2d87-4254-8132-ec1aa4788269;
54027;004ec851-d5d1-48f7-8f29-2a78e29b1103;1589936
54025;bd894fc3-2d52-4082-9e91-ff4cbe0fae3a;1906397
54023;00033e02-dfed-4ad2-9f17-3c6c430d3300;
54013;2e252284-c229-4df9-ae84-dd6fff858c3f;
54001;868ed371-aa09-4c59-9724-8a4a3892501a;
53993;87b4b768-bc56-4820-8647-063f4120ec1f;
53989;b7d5fcb1-57eb-4ae4-af01-383a45273497;
53983;492808dc-3e36-4cc3-a9cb-1d8ab8556885;
53931;4cc593ad-5fe4-47b9-a254-a759dadbea6a;
53913;92715066-1a69-4a6d-891f-d31c44750097;2020766
53911;45af1fab-e124-4c42-b5cd-9014a41e2e2b;2018685
53907;3fde4db5-d8fb-4fad-8d3d-ce7cb5aecc14;
53825;01086eb8-dabd-4da6-85e6-62e8438eb418;1759464
53819;54794223-ac29-434a-a070-71bde8afa043;
53733;35cd9828-99f6-4e69-9436-c44a504b9104;1489353
53717;944b7d83-be07-4fd8-8fa5-a0b9aafb2e95;
53697;dfdbe154-884a-44aa-b444-519ae5c2ff77;
53579;8a0ae5f5-c10e-48cf-9c11-d9cf985ced61;1670043
53479;985b103b-7080-468c-9e33-6dec463ebaa0;
53359;62f5c1a6-952a-418b-b0f4-24aedb2116e1;
53341;fb5c82a0-3749-4225-9d08-c9b034614ca2;
53327;f04a4a4f-497e-4faf-931f-e3ad65ae6b2c;
53269;a8c2bbbb-c46e-45b3-9fbc-3d995f09cd4a;
53265;b7d5fcb1-57eb-4ae4-af01-383a45273497;
53249;538ac8fc-b31b-44c9-95c3-a8603301ef01;
53229;c300f6e0-d116-4a12-8c82-423cccb1de94;
53225;6996a35a-eb2c-4e28-9261-dbb69459eb0a;2019114
53219;1f485610-fc12-4bc2-a605-71e84dd3b116;2020408
53201;56654045-ec32-4d1d-954c-70babc5d8926;2018985
53199;87c46746-2466-4488-b35f-4cb82869fbf5;2019062
53149;90ecdd51-7b75-4c9c-bc07-da347d46cf9f;2018949
53091;cc811da8-d520-4308-b2bc-6b1cdd517c08;
53085;11345503-03dc-4c97-82ea-970d5f4e132a;
53079;d77fe873-f3af-45fb-a9ef-03c60b761eda;
53065;28834fac-d8c0-4202-9ad7-8ba8a637f7c6;
53063;8f0bde14-1b64-4775-a153-cfd408a3e051;1999141
53053;0fe0407f-ff32-43cf-9970-f2e2478a5e92;2018621
53039;b059da6d-a0fc-489d-9db0-b25eb28ae41d;2018979
53001;cb103f5f-5172-4d76-b393-47e4cabe9401;
52999;748206d0-feb2-4acc-a868-517b02e47ef1;1652869
52995;84feeeba-6c3a-4e08-8380-f50a83d96e51;1633222
52991;8244a37a-0233-46e1-aafe-d251051c692e;
52941;75d90a1f-942b-4cad-88c9-1dae9e4ab73b;2018106
52937;d53ead69-d8af-4676-b876-ed076724babb;2017813
52929;2b3bb168-a92d-4cc6-b556-11ed97e89cb4;
52927;eb071617-1e11-4072-b53e-f96a89f16604;1750525
52871;876e70c3-4d81-4421-9cdf-a84347bda040;
52869;75d90a1f-942b-4cad-88c9-1dae9e4ab73b;2018106
52865;537fa44d-5f0f-4103-b124-5307d10ba96f;
52861;7e5bf69c-3246-4bcf-a769-d116a9243798;
52839;1f6b609f-cd1c-404c-a404-fb7c3a2de432;
52837;9cb3fb3a-77b7-4f8a-9ceb-c748a0c1c75e;
52821;9501d7d4-c2a5-45ea-8e62-fa645d73df51;2020241
52819;5145ba18-7932-4c86-84b0-07552e4482dc;1723739
52721;f1fe0efa-bcb0-4668-adf8-8697330ced18;2018726
52679;6f37fb99-0015-4d98-abbf-2bc301339439;
52675;6f37fb99-0015-4d98-abbf-2bc301339439;
52669;3d29546c-8860-4495-b0b4-a653ac70ca32;1802070
52643;0e74cea3-e0b6-4c8c-9d96-3e9c1fbed27a;
52627;985ca0bb-1289-45b7-89af-fd559efa73a2;2015627
52623;e2ff7f96-21dd-44b9-9a34-bc293a54808b;2015759
52603;1f4fedc4-f05f-436d-aeb0-00bf7f47e57b;
52575;a87131c1-b141-4122-9af8-4454b6a83cff;
52543;78fdd04c-50e2-4e47-8f71-34acddc1b76f;2015219
52537;c75f9500-4828-408f-9b4f-42c503643670;
52519;ac9a53d5-5c61-4a41-90d4-1fd40ddb76ae;2015111
52499;5c986513-8e89-4c6a-ab2a-73ffc5b11727;
52479;f331de32-2f41-42d6-9c8c-27b37ba0e74c;
52467;376970a6-eb40-4cc5-a581-a3bf20900557;
52417;305e5079-d743-4349-be92-b86d12ce17f9;
52405;35d60df8-9fa4-464f-a4e4-5a35223ed61b;2015190
52401;7f372ac6-b177-42c8-94af-876601f78bfa;2014367
52367;950fb7be-a45b-48d0-9049-c566205c16ef;1999458
52357;0ec210d7-cc55-450f-9c98-12e02c58dc57;
52349;deb10fad-d1ac-48bb-ae39-24a1b29a9244;2014267
52337;82442493-de51-4623-95c2-6624aaeb179c;
52295;247a42f7-743e-464b-ae3a-7a39b514ca72;2014177
52275;60d8689e-f4ea-42c5-86a9-9a2114c8bc5e;2015253
52265;c5ef74e8-1dd4-4957-88ae-f22fd215981d;1364060
52243;0c6794e6-4407-4a33-bffe-591e8f525d32;
52237;81779c8f-52bb-4c2d-a9e0-71a105679b52;2014354
52235;88500789-f0d1-4a92-87ff-a4623c5f74e6;2013730
52211;f23cc316-6322-44ff-8ab2-b7766d32feab;
52202;4fe47d65-71de-43eb-a047-068517ab2c25;
52159;0bc9c387-c464-4ad5-be9f-6933a1362c17;2015761
52141;2e138352-962e-4cbd-87dd-73fddc12e68c;
52137;c52275bb-20ad-4fbf-bc08-1405df34514c;
52123;ab78a312-dbdf-48e8-92b8-0dc9f1800e25;
52075;5e81c1ae-96fb-4fe9-8884-276dc1f226a2;
52027;f04398b4-81db-41ab-97aa-a6d0835f9c7e;
52023;7a270a8f-5b37-4a28-8208-e1b5fe44d0c9;2012196
52013;1bbf22d7-2dad-4ff6-88e5-0cfcdb5bb342;2012202
52003;87c19e10-4e7e-4669-b3c4-dd0b5e02c0a7;
51941;866b3db5-146e-4c71-a77d-dc5dedcf4e82;
51919;a38eacdb-dbd9-4867-879b-2b09260d45ee;
51913;33b738bd-392d-4ee8-8c7f-f3f71cb154b3;2010368
51865;ce505d19-4a05-4d05-bb54-7a088add6c5d;
51853;681a140e-4ca6-47ec-8b3f-522c773e93c1;2012144
51825;3e98a729-5a3d-4ecf-9722-00dafe517240;
51773;acd79f40-f63e-4a75-9648-6f2e9eca93c5;1977561
51767;48edb346-c2c3-4d5f-8e12-2ec3827fd529;2010990
51761;7c80b9d3-5891-4dd5-ba9a-65bc89af26c4;2010754
51757;8b7be3da-b9b8-494a-a2ce-999fcfc52cd2;
51751;dd1a159b-2d17-413f-8953-f4b24dbabfcf;2011259
51709;ca80323e-2c70-4369-94eb-3c9b71e35cc3;
51699;07c46e86-0560-405d-a66a-741335b4217a;2015282
51695;622497a5-2187-4772-9ba8-0a3f33199b27;
51687;9197b884-4697-40fc-a885-f169b4702253;1220829
51685;93e69e33-8e39-48b6-a932-735d21840ebd;1881640
51667;41f37170-207a-4986-80b7-ab3ad2572cb8;2011336
51659;95af8af5-cc8c-44b7-b7e2-4c0432177560;2010334
51657;86c8fbf6-7850-42bb-8adf-67b5dfd238ba;
51653;f71d286f-5ae8-4f7c-aee2-130a10124903;
51633;88500789-f0d1-4a92-87ff-a4623c5f74e6;2013730
51613;bd894fc3-2d52-4082-9e91-ff4cbe0fae3a;1906397
51605;4cbfc397-f287-4286-abb9-5407c83c5e04;2012068
51525;fb7b02b3-743a-40b5-9115-4649c07cadb9;2010255
51519;9b210b3b-ee67-44c0-9bd9-d84dcf3a2579;
51493;46c82d3b-a817-4332-a95c-c28a4b831974;1844376
51487;197fd543-df2d-4e27-b25b-7be566e3fef1;2010755
51483;6c8ccb4d-d95c-4048-8f28-105451cd9a75;2017174
51477;902cf29c-5be6-41ad-8164-e50bb42a08b6;1528102
51469;152650cd-f4a4-4f8b-ae53-4d8ddad28777;2010831
51441;d00c541f-6464-42d5-9d9c-84fee6a8b869;
51439;d00c541f-6464-42d5-9d9c-84fee6a8b869;
51435;4f47b501-1799-4a7b-90e9-ce04c7b5a918;
51431;e91394d4-7965-4a1e-ab2f-e472c5bb56d8;2009097
51429;2cc587ee-83a1-45c5-a487-787ae9b625aa;2009066
51427;44036ec6-c726-4f09-aa30-a0e10867badb;
51409;765fcdfd-87bf-4eed-8a2a-e91d4d944865;1996074
51395;ec39c1be-cbfb-4008-a772-9cd4dcb5a314;
51369;c31e8403-c8d5-41ab-8d20-e3107a9ca081;
51347;01e59e84-bf35-44a2-adb7-cbd9af627974;2008420
51345;14e1f2f3-4f23-4336-b16d-38cc9b033ffb;2005681
51343;2a75e6a7-ff6c-404e-b18b-a61a63e26855;2005681
51335;58a4b471-b229-4a81-a85d-80bc7139e34c;2011364
51311;fa65d938-61bd-413f-ac4c-9ecb04fc088a;
51305;4ec9534a-939d-4e0d-aa9b-34967d441444;2008435
51301;3bfed3b5-055c-4815-9962-c74c1b9f49fa;
51299;34ab849d-fbe2-4183-ade7-d3cfc3304779;2018282
51283;3ddf0b59-a28c-4592-9a27-fe10bd48b92d;2008091
51281;b38bffad-881f-4930-85ac-3426255ed2af;1958694
51249;5ff79a90-fa4c-4f78-9509-a843e2c41f63;1988542
51245;a3d63f67-5458-4d51-b034-33ec2010fae8;
51235;b3fa79c9-baee-4d82-94f5-abeb7b2e0b5b;2008160
51219;a3fde565-7350-4dd4-b53b-ca7fc7a0a9e0;
51155;0a1d717f-b385-4586-803d-30dae19735fb;
51141;842aa85b-c285-4cf3-8979-b950ea5ae493;
51047;3ba669f6-5513-4311-b9a2-e91328c3aaf3;2010397
51039;b0137668-548b-4312-a2fe-010120e1d85f;2008442
51035;7916c0f4-fc89-4ce3-b821-c5798a97fa12;2013991
50999;6c485c68-8bb4-446b-98c9-b8b0ce00ad53;
50987;3ddf0b59-a28c-4592-9a27-fe10bd48b92d;2008091
50967;a3de729d-ffd6-461b-8b34-bad21afbe1d5;
50961;17df38df-b10c-46fd-9197-fda8a44502dd;1331800
50883;8bff4bfd-0075-4ef1-b9b2-0c2bcdfa84eb;2017822
50815;eaacc49d-ee0e-4a4e-b445-ce79d7ff900c;
50793;eaacc49d-ee0e-4a4e-b445-ce79d7ff900c;
50785;2a109f9a-f300-44cf-b56b-c4c5df3f1669;1864302
50775;4b17ba8f-83a7-4955-8142-235059680b3b;2005344
50767;e081af57-b486-4b2b-9f4b-27ce40450264;1962336
50763;83dce2f8-702f-49b2-8ca1-17448ff0985e;1166427
50757;3537b796-de62-4241-b187-408bb962a3d7;2020410
50749;00102909-5462-479c-bec7-ffd9ad819edb;
50743;f94acf1d-e160-4cf4-8560-dbb5fe690169;2006381
50713;051272aa-388f-4443-8743-fea899dbc4f9;
50675;2a75e6a7-ff6c-404e-b18b-a61a63e26855;2005681
50669;e5157fcf-22a2-4738-8e9b-39703109bb28;2007694
50649;69932c7f-ec7f-49d6-bf14-571cb0fde767;2006378
50639;d823e302-1e7b-41ab-807b-df646d8b9d67;1990113
50637;446a711e-54bf-4b5d-b69c-4aba15bf64c1;2005374
50599;25bb764b-22db-481a-80b5-e1cb6347be6b;
50575;99c0e53b-b92c-426d-8c26-e4b63cc2ad09;1961256
50565;9c78a24d-f763-4f27-8ede-1c5e1f933853;
50541;9c78a24d-f763-4f27-8ede-1c5e1f933853;
50339;a60da10b-1d70-4b9b-8e46-967e69c650fe;
50319;6d5af129-4a37-47ac-8363-78329e189c37;2005533
50303;f23cc316-6322-44ff-8ab2-b7766d32feab;
50281;d9c6bcde-f00c-4450-8ba3-f302d284f7a7;
50259;acc6d993-f02a-4d2f-aac7-6fcc4c4349cb;
50223;8770c135-8cf8-48d0-99a4-a3312689389d;
50151;0c459703-d8c6-4877-b7f8-d2a0a7e5cd28;
50099;11b8ee38-da0d-409f-8fb6-730d2b1555fb;
50081;04770147-d52a-49e4-ae46-606a9f906a84;1843822
50073;0443e410-6586-4d8a-ad4f-b99233a9bf41;
50071;e0bbac65-3ca8-4050-a660-5b6ccf6ba7c9;1891408
50065;f592d3ae-bf24-45d3-a88c-4b6b35083879;2014296
50015;dcc1329d-f98d-40e2-a772-cba6f3792a34;
50011;628e7d92-f5d9-4c29-b5c5-899f9f8ca804;1768090
49999;5be866a6-035a-4833-9df7-809bed1d6cff;
49991;2ec62492-d3fb-4ff1-8feb-24ea6fee6a26;
49873;afe8f50b-2dd5-470a-b3aa-117bdb52d630;
49811;c902e629-2d2e-4c04-91b8-c75f466d274f;
49725;bb789c76-d33a-4d2d-ab66-b26aa3cbafac;
49705;307a5434-d05a-4046-a5f4-7d275d55edab;
49643;957e5c84-19dc-46d1-8361-31a863414ffc;
49615;f1f158c4-9a0c-49fd-9b61-bd39651d9099;
49533;4fdfb6c8-b4de-4cf2-8b65-636242f01484;
49495;84c84d41-159c-4b91-ae9a-e946aa97517f;
49483;a0468912-a580-4cdf-8a7f-e2f12259dff0;1545518
49421;c1b20376-82a3-4c7e-834f-b2191bb0dfdd;
49269;d882e1d0-23d3-4663-aed5-5da3fb42f666;2002838
49267;eb71aa55-60d4-40c0-87dd-c2878e371ede;2002831
49257;412ffed8-8bb2-4ade-9989-dc99f17bdd7b;2002728
49195;23dd229f-8301-456f-a437-984d6bee670f;
49157;80f1f1c8-6c4f-4f9d-9046-ed9b71118535;2008073
49093;14563f06-94f0-4cd1-92a3-8f18ea8a6270;
49091;355a0590-8949-4c8c-9d70-316b9aec9260;
49083;c48d2476-eece-4d96-87a5-98c890e994a5;2000848
49081;3b402a2c-43a0-4ff7-be9e-9330e71d36c8;
49075;996cebf1-df52-4916-ad1c-85c84e65b7cb;
49067;290c6eac-8242-4973-888a-7736bfb2002f;2000759
49063;b6f5ca2b-cdd4-4c03-82fd-278fabfb8f6b;2012201
49019;b55beb4f-9e30-45c2-abae-a761013b386e;2000339
49011;ceade554-3e86-416f-9286-5a8f578115b8;2002627
49009;31a9ae3e-5786-421d-b5e1-1a3713d88b29;1509428
48981;82442493-de51-4623-95c2-6624aaeb179c;
48979;8fed113c-9700-42e7-8120-cce42b61c0f7;1999446
48971;31348211-87f2-48b9-8fca-c82eef73793c;
48945;57b1cc71-d8fe-40a2-a654-82f83647c641;
48931;648b7946-74d8-4eb2-83e2-a142d5a1f3f1;1999025
48911;0feb0d4c-a5f2-46ae-a2cf-baff9a6393ef;
48899;0f13c9cb-1c08-4f61-a335-2e104d2a80c0;1998597
48845;83800e4d-3073-4cba-a1be-6cc56f781ea1;1998640
48765;5fd57792-781e-42ce-bcdc-1dfe93ed10ab;1998570
48761;10ba33a1-7af9-4c10-9b59-1006a72b6f98;2011558
48749;97d06e3a-82e2-40d0-913c-22355a2c0d53;
48725;714c6c6f-21fc-446f-bab4-c1543a7e5173;1998433
48671;94006912-7f25-4dc3-935a-eab7e726d4a2;1996798
48667;0f7153d2-c66c-40fb-8a09-cc05131f215d;
48653;c3fd0f03-9e32-4abf-a200-e491a917a7fb;
48651;fed35399-44ea-4a78-b964-fd5255baff68;
48647;f0f2eded-74d2-46da-b481-8270ef82e953;
48645;f304338a-317f-423a-af64-197186735c6f;1996592
48635;405c4b86-9a81-451f-ab2a-7d656f30367c;1996440
48609;62801d2d-0b21-4fdd-9e0e-6a1f799e41c3;1911255
48577;20634096-8fda-4d02-bca1-dcfe595c1804;1186307
48565;e784c429-4feb-43bb-a906-f22d53cfda7f;
48551;81d57018-676e-4803-9651-86ad3a22b008;1963615
48547;5825a6b6-31b7-4e72-b584-1e39b85d3b1f;1996029
48541;0e54cbac-96da-4a3d-8615-b4e2a655c730;1995607
48521;4b6cd164-dff7-4cf7-a38b-e6fe43e2ee48;1985915
48515;9ffb2df0-ac9a-4337-989e-2b68819a67d8;1995523
48455;d0aefe9e-a35c-4b3b-826c-989fa190c2bc;1995165
48449;406c4a87-dca3-4014-8524-0f2de813dd3f;2005978
48443;7c2ff3a5-0e5e-4dcf-8257-f73adaf90f77;
48413;c70760a1-14bf-4c71-9fe4-adc3524d53fd;1996089
48393;f2594510-89ed-442a-91a2-0e1fad467e05;1551649
48257;297b2a5b-f065-4560-9fb1-6a03dac095e1;1994574
48161;0781b50c-7f86-43b4-bb50-ea4d7253da59;2003689
48157;713b2f8e-d6dd-4378-a5ab-d1b8d1b5b7d1;1872665
48133;bb6ccb49-03b5-458f-9716-6b3b8244d3dc;1993664
48123;2618abbf-fe98-44c7-a5eb-2a201333bc6e;1796088
48117;b3a2d09e-5d2b-4723-9c53-26661f3f23fe;1769748
48105;078f4e52-4cb5-434d-afaa-e6bb85dfaf94;2000817
48051;edfff592-e0f6-49dc-bb4a-f29a03e41bd4;
48033;e6e35758-4776-45d8-8351-7eeb063279cd;
48029;72d6e043-d45e-4b8f-a7a9-6a57f965f1a8;1944793
48025;c293fa45-821b-4321-8d38-4c02022ab30c;
48023;617ebe87-4dc8-4573-9819-fc83ae031a69;1522694
48019;3a66cbb7-1471-4507-af25-61d154f3a6b2;1507575
47935;6612b97a-7e10-4a0d-84b2-ad6028f8c368;2000258
47923;db1d406e-d0ff-4ad5-be1d-6f8e1f6c5dcb;2008292
47911;06cee6cc-4a0e-4812-a65e-5b4517e4cddb;1992940
47887;cf16ceb1-f6f5-4d27-b5f6-e98a013c5981;1761031
47873;ad09857e-34e3-4626-b3be-0a548eedd81d;1992068
47859;d7ada716-0d5e-45ee-9805-cbb5c7330c47;1182223
47821;35d21907-6380-4453-8f53-c03d172ae791;
47817;e5231802-cdf2-4055-9924-11cd7a6314eb;2006441
47805;b5594489-df77-4ab9-be6c-1f381c0da973;1991785
47803;497a2091-3a44-4f9a-834f-be5f99ea7193;1992848
47793;61bc3340-0107-4e16-b670-dd5bc5e116be;1991745
47755;0d07f913-9eeb-4216-84ca-911e6f046307;
47751;4451954b-82db-4d44-aa2c-684bf272bd76;2008291
47745;6e0cca38-9eb8-4a3d-a497-560d37eab0df;1991394
47733;2e138352-962e-4cbd-87dd-73fddc12e68c;
47707;9cb47c75-1ed0-4d3c-b98a-032fe98c7d81;
47705;6cb111c7-2675-4e2f-8b9f-ee94e8b1aed2;1317886
47655;8bff4bfd-0075-4ef1-b9b2-0c2bcdfa84eb;2017822
47593;504c2a6b-ec0a-4c77-a394-ccacc61ed6ce;1740464
47575;7752e0f8-cae3-44ee-a725-34e1b4f8784b;
47485;c86d8c31-011b-4c59-9bb7-2ed97362b9da;
47449;d06bb103-e8b2-4c60-8a4a-d665ea4aaa4a;
47423;9fa3496e-fff1-4222-b813-d2ccf8436b37;1990048
47421;7557c55f-3a0a-4a3d-b378-98cd90371458;1991308
47415;a6cb091e-2fa9-4e4f-8af2-7b6bd79dbbae;1991422
47413;b01d151d-77e4-4916-93c2-c6fa59c70571;1668680
47411;4c23a02e-b2a2-4da2-b198-f01af89b1b9e;1991796
47409;e8106e15-be4a-4ee8-8786-9c7d74719acf;1991368
47405;08089bf6-1d5e-4ff9-a5fc-985706f432ce;
47403;2fe1ac10-5d5c-4e06-8dd6-02ebfd909bc0;
47401;5575ce26-7d40-4b6a-987f-92f45b01c558;1993497
47371;3349f487-c061-4a93-9eb8-f357a6da07a9;1991132
47353;66e282b8-fc6a-4573-bb80-725425447601;
47319;c4a3c89e-8f4a-4c45-b3e1-b6b0494100ef;1718919
47283;f802771b-fb3d-4934-a3ab-442136e2b40c;1989134
47267;acc6d993-f02a-4d2f-aac7-6fcc4c4349cb;
47261;c24a1c72-e749-4d8e-9d6c-6a200001967f;1976779
47259;65b9e199-96e7-47b2-ab7c-5c6b8bf7dfcd;
47257;67d90bc1-102a-4548-870f-6c1e01e982ea;1975304
47243;f3b252f7-6eda-4d87-953f-e7a4183be4af;1286385
47205;60bb0447-e322-45f4-a4c6-e0e9042cbcf6;
47199;0960884b-f3a0-444a-9a5d-1af747bbf58d;1988587
47193;d6fd5f45-b26b-401b-bc97-9e9aea10ffe2;1996721
47171;6ba5f251-62bd-4b81-a5a9-cd2a5ceda802;
47155;6043aa54-1b50-44ca-a820-a8a4f515eebf;
47143;233c7c65-ae47-4ba1-a1c1-2e5a2e9495bf;1992334
47141;ac7b69d3-fd04-45b1-a652-3bdb7f647dde;
47111;354a2a5d-984c-41e3-a466-9c8216bda085;1988243
47101;2dca791e-1832-44c1-8fc4-c6cee18c7687;1992348
47077;a7e9f8e7-4329-4e51-927b-825dea86164f;1668160
47051;74224025-79fd-413c-b30b-cc1a65326452;
46985;4e43ffd6-e62c-4d01-a58e-4964c4082559;1989116
46976;c808b601-bdd4-4970-aa31-09917cad1b2f;1184124
46927;5c1bfe00-bdaf-41a5-87a3-5d4b00cdeb45;1781831
46925;5c1bfe00-bdaf-41a5-87a3-5d4b00cdeb45;1781831
46853;354a2a5d-984c-41e3-a466-9c8216bda085;1988243
46849;c4e79852-5c13-49cf-9382-108f03156920;1993600
46845;c44b4bb1-fc98-4cd7-93c2-422bc66bf0ed;1986804
46843;4c455a8e-0a71-4ce2-9fed-8c250b6d82c2;1993592
46833;d90066ba-ba92-4888-baf0-07b604aa3b71;1964144
46829;464866b5-d498-4176-acb2-5d97518292b6;1990149
46795;6043aa54-1b50-44ca-a820-a8a4f515eebf;
46781;fe1294e1-741d-4733-8c0b-4c62a5cb03a7;1193505
46779;fe1294e1-741d-4733-8c0b-4c62a5cb03a7;1193505
46749;38faf187-ef79-45ba-a938-ec20ee960ddd;
46727;ec7208d9-4320-4eac-aef5-730f792b70ef;1940717
46699;4abbd459-b91d-4603-ba9f-3a43b1b92d1d;1986852
46675;1f6b609f-cd1c-404c-a404-fb7c3a2de432;
46631;9a95474d-e4fc-4994-99f1-1ac44115a5c9;1996578
46581;4931fde2-0ded-4354-b7ff-6d58cb06620a;1985920
46565;6b66e4dd-5840-4d3f-9fbb-a343b4b297e6;
46483;6f6db016-5d3d-4310-8b54-344704ee28dc;1450029
46455;1ce022c7-d413-4fcf-8f2e-ece61af5c626;1484091
46405;a3fde565-7350-4dd4-b53b-ca7fc7a0a9e0;
46403;41de3d89-35ab-4656-8c9c-f295008d8a69;1964876
46401;b61f3092-2ed8-40c5-b958-2a2195938ec1;
46353;8c51d2bc-bef7-4fa0-8daf-e98c375db66e;1998431
46351;522a1fe7-4d54-4fd8-a0aa-b5497c25ccbf;1781419
46319;4b6cd164-dff7-4cf7-a38b-e6fe43e2ee48;1985915
46313;1297123f-9dc1-4bfb-aa65-c639de0e9028;1979422
46307;730cd011-e867-4e64-afb4-542adc2cf118;
46305;8e53723a-bd53-448a-a6ef-c95813ac4e2a;1909690
46271;d77fd9ef-9327-4549-a84e-ec10f687d4fd;1989218
46209;3409de33-c1a0-47c8-99b9-ba7f744d6cd8;
46161;f6a036ef-9486-439e-b3f4-8985a5d2a5c3;1978325
46149;b3ad9c85-08b4-4af7-87b0-b71d74cba64f;1977686
46139;c36c5bf3-820b-4098-aa7f-9306d4c0ae3b;1995380
46047;827b1c35-3924-4998-8794-40789751073a;
46033;0cf14ec3-34d6-4532-977c-e4975deb6de1;1940720
46009;4c5d36e1-d530-4419-be8e-5c0a1109c5ea;
45983;30f9846a-4aa0-471b-8c4a-3a9a8f0cfdf8;1219974
45971;f6aa98f8-40f7-4cd3-8f34-ea1466a636e0;1986172
45951;4d29c9ca-6c6c-48e5-9fe7-43b6b1663515;
45933;05e81b30-14d2-44f9-b6b8-cf2716934dc9;
45923;12bf88dc-6be4-4b4a-817c-88a93fbeb157;1976266
45891;03740f71-bcec-4c12-bac9-bbab181f0689;
45883;80dea30a-4e8a-4d53-829d-71bf54c1d563;1975949
45875;e537d975-b17b-4c40-99f1-61d680dbef5f;1238913
45873;d9bcaee2-7fac-4548-a01a-a50c6f769376;1176409
45871;d1d8d59b-6754-4539-80c2-3e072720ab79;
45869;cce2a4fd-abb5-49c1-b432-d6158556710b;
45867;acb465c8-4cf4-4fed-942f-d5519920c2e3;1251966
45865;a754c168-ba12-44ae-a1fd-31a973b6c7c2;1502367
45863;9f1ac6f8-1b07-4d1b-9274-6355c689f54d;
45861;98031f84-bdc8-4bd6-9bfc-e7065760e8b4;1246663
45859;96088f90-d971-41e7-b208-3d8fb6f6a4c2;
45857;87bcc8d1-ccbc-4d7b-8eba-6fa865c3f7a4;
45855;82e08a24-77e2-49bd-9996-970a74ccb5d7;
45853;7c7ffa99-afcd-4db7-8318-f67c9834bb6c;
45851;6c32cf1c-2177-4ed1-bb81-5962cdccd92c;
45849;682ff0f8-6d8a-482e-ae06-07c8d4dac5cf;1176279
45847;6377566d-5fb7-4497-be66-ff444fe62872;
45845;5d93748f-6a4f-49fb-b61b-5e48f876fd8d;
45843;5a8a0e49-dd5e-4c32-8c5d-d770d2a328db;1298643
45841;4f5aeeed-e179-4d07-b37f-8c550a50fd51;
45839;4d29c9ca-6c6c-48e5-9fe7-43b6b1663515;
45837;4b570dee-504d-4261-8b1a-7d45dd8b5682;
45835;e1a719e7-4031-4dc1-9155-54fd828e4d6f;
45833;3eb719ec-2ab1-4427-83ae-926c600ea1da;
45831;3c072ba6-b272-44b4-92e3-08eac79bc2fc;
45829;36866f64-6144-41b4-8096-1a7fe1bb0883;
45827;2f406621-dc3f-460b-8ad8-4bc7c6db9733;
45825;1f69b400-314b-4056-b521-eb389b722caf;1283682
45823;1d9bc5c7-fdb5-45aa-a277-d4e702b46ef8;1223979
45821;1095c3b3-9544-4376-8bc5-af9e9705a6ee;
45819;0e9f8bfc-5a15-469c-99f4-2d62c6528b17;
45711;76009463-f8f0-48db-a848-10f3a63c7365;
45687;e4da85bd-064e-4141-9bfa-ae5d599b3e3c;1991733
45675;5ca8de84-0ec8-4bea-bd52-8e48a767717f;1885787
45555;67d90bc1-102a-4548-870f-6c1e01e982ea;1975304
45537;1894140d-5aa8-4aa2-943a-001a6c9c9f38;1981194
45497;afdac802-e9e7-441d-be3e-e1f92bddf6b8;1985935
45173;841b74bb-6b9b-4e63-97ef-7da5dfba503d;2003846
45165;baf9c464-1b4f-494c-b583-bae90d0603f1;
45163;d92b2df1-19bb-4305-a910-eac95bea9671;1975229
45141;0fe2b34a-18be-472a-a74e-a500402c1889;1972513
45061;dca36252-6e10-4a77-a643-e7f213dc5e96;1993676
45045;9e82506a-7845-45e1-aa40-6efb82efe659;1980660
44987;2966eb94-e738-4722-b2dc-440a23be0c23;1971974
44911;6f3c29c8-d947-4174-8d6d-722241eab48e;1980551
44891;a8756d91-8b5e-4eab-a394-d436bb7e487f;
44825;fec89cd5-1d10-4202-a591-06cd56d14f04;1977598
44817;baec9f23-da5f-49f3-8065-5842f9bc1145;1974343
44801;d351a2f9-9a4a-42e2-8a5f-ba64ceaec9a2;
44791;307a5434-d05a-4046-a5f4-7d275d55edab;
44783;b9c39a34-0a03-478c-80dc-4c1ea531cc18;
44781;abc122b2-e456-4d4f-b475-d0804bdcf10d;1972146
44775;27f52eef-8da7-434e-ba45-8adb5f7c0edd;
44761;4027f34c-4c8a-467d-b99f-8ade9d58f256;
44747;b8313ce3-131f-454e-9870-91dc44720674;1972492
44739;d967095e-e4c5-4ccb-b1b7-ac3451a03835;1970153
44729;e313f901-e56a-4de9-9702-492992538569;1548365
44727;9c3c089f-b1b0-4eca-8c20-f83025dddf99;1970155
44663;33f27e51-6750-40f8-87a4-da81ea1dfa64;1971786
44645;b48b542a-1aed-4e99-a679-e5b985fc3800;1975971
44627;3a195bc0-4ab5-402a-adfe-51e8afbb38b8;1969436
44615;6eb24dc8-6c20-4ff1-b336-c8ebaa7bcc3f;1969358
44523;8249a4aa-fd21-44f9-b425-9ad472fcd6e5;
44427;b7742d94-3cc2-47f5-8ca1-3c1eba6df13a;1969264
44421;64e07b21-6520-4780-b555-137ce78c6692;1969325
44411;52d4973d-0f0f-4109-ad80-17f393cc44f5;
44405;521b9422-ab94-4de0-82a9-777d70e13fec;1989123
44401;b34321d3-9bb2-4c07-a759-65d4d6a65bc4;
44399;986d4806-d0f9-4eeb-915b-4338926d6889;
44385;dfee3bab-dd49-4277-a201-e95153d680c5;
44363;a9c23775-fe28-451e-b550-e4d87ae5c34d;1969866
44353;2e3caa07-8bac-4f82-b7f1-0d5e6c4adc46;1968890
44337;adde2fe7-7b35-4919-a827-711eb4752b4a;1988147
44257;e1d95e4e-1bd2-413e-a717-56e295aa6aed;1967176
44253;8c58ff17-56d2-4f1b-a820-4554f74e72ed;
44247;fd8d4423-bf37-45c0-8dd0-005d465b973d;1966078
44235;0149d6e6-4e80-4180-8e77-5954227b520b;
44219;b7a20005-1368-4df6-84b3-e1c0cf531a8a;
44209;2769bc10-289e-4a92-9f12-f2c68d4d361b;
44173;26d9849f-b215-449d-8ab6-0dc991b30e20;1974133
44119;81e71254-fe53-448d-8c9a-1d0328ea01f2;
44105;b542e810-8f8c-4975-8645-35eea919c0e2;
44083;26001e5d-0540-430f-b655-24f0caf051b3;1971944
44037;ca96fa30-5852-4805-afcb-e1d9e6fc9da3;1972635
44025;82f6d48b-e9f8-4de5-b323-783a1a9224f7;1965182
44023;b234695a-2385-4c51-8024-ce2792e69001;1965818
44021;953be647-f449-4b08-ba62-e021ae9fd9f6;1965712
44019;44e02a4b-b5ce-4abf-b941-719b889d63a1;
43971;98d82acc-1027-4985-9039-336f7bcb66b4;
43969;e5128021-1ebc-4a0c-88af-d9199d896d36;
43955;e31f54cb-4567-4a1b-b60c-bff0c6177c3e;1995352
43949;097d0094-3597-4250-bba7-d99b5d554b14;
43939;2d7254a9-7745-4dfd-8cca-c7a2bec56ac2;1988220
43933;2b308fce-c677-40e6-94ec-168c44d6e045;2010682
43865;9fbea034-7dde-4851-9744-40c51bf41a34;
43863;765cad88-d17d-4b06-aa54-8dca96467c9e;1971969
43843;26d9849f-b215-449d-8ab6-0dc991b30e20;1974133
43827;47da37d9-d355-4491-8cb8-b01159a97953;1962933
43819;196220a8-b212-4de2-8784-9c963213349c;1981786
43665;9a161702-aeed-416e-a032-42c9db732f32;1969320
43643;82d3688a-206b-4386-888d-770b68c1b396;1963107
43635;01ecc133-0dc1-4a05-8142-d80ddd395ded;
43633;8e0ae907-df04-480b-a508-e6750d03bc60;
43625;f986465d-d924-40e8-975b-5113ab986138;1962477
43609;17ffb031-b483-4b32-8695-0035e5c28d16;1988552
43597;cb4ec2b8-33b5-41e5-bdfe-56c623adc223;1970009
43555;acd79f40-f63e-4a75-9648-6f2e9eca93c5;1977561
43551;8cb9f4ec-78a8-498b-a57e-7ecb504eca5b;
43545;4aa8c298-6883-48f2-9015-9c869ce1bd7e;1989181
43529;8cf94561-876c-4a51-9792-7c0ae5547968;1961493
43485;1c8fa2fe-fce7-4fe5-b616-ee3cf2508d60;
43393;c2e459f7-cb14-4ef9-b3d2-5687c6a39ead;
43371;c261e31c-6a26-4538-9610-8e9f41d3305b;
43349;86b96384-b0cd-4456-86bd-ff42db01cd45;
43345;dd90ad59-d2dd-45c6-b2bb-da3e8ed8dfa0;
43339;00516f51-3998-4f29-8f21-952afe8aa4ef;1960717
43333;b7e95d81-8522-48ad-ae6d-2752bf227b33;
43331;5ee99219-ee01-498c-a09d-ae7c18258ff9;
43273;d6aaf8cc-c5ed-496b-9a94-095c38b7e886;1959009
43271;e45965e1-8fcd-43f2-9db8-55dfe46d668d;1962201
43261;e46830c8-0910-49f1-946f-c3f7dfa12b2b;1958135
43251;9157a1a6-081f-44d1-9382-f911ac038dc2;1470127
43233;984fda75-dcaa-497a-a0a2-41a105114179;1956215
43231;22e1df99-39fa-4ec6-8442-b2ce2ea6b55b;1283572
43223;08cbbb08-9254-4465-89f1-35ec0b77095e;
43185;502abf46-932a-471b-9839-0e6a235b0268;1966035
43181;55abed05-4692-42b4-80d0-cc44f3461e20;1956203
43177;3d55c1ef-d286-4c15-b210-51b2691f09fc;1956215
43171;eeafd0b9-3b77-4b33-8b71-ab3ef07cc148;1956219
43145;57176d2d-3b6a-4d81-8e13-55e6f13e1db3;1955862
43143;56e9daa6-aabb-45b2-8646-3df787eee926;1961207
43119;cd5bc1dd-0b8e-4d31-bb7a-0f6afcbc6b80;1989226
43111;33484dd1-5313-4df6-8acf-2f10cc464520;1955897
43097;a726fcea-61ee-441a-8da4-0f8a7cef5cc8;
43089;4488fa5c-2c7f-469d-87f2-67c557aaa624;
43081;7eeee40a-496d-4086-8f62-db8846cab516;
43079;02e37b4e-a858-4b5d-994c-490f1ad36a30;1996050
43011;3e4b5074-f8b9-4867-b3d4-b4d7ddc0cd22;1964946
42971;9f8e1d30-084b-4585-9f3c-cd602e1933bc;1953450
42969;94006912-7f25-4dc3-935a-eab7e726d4a2;1996798
42903;663b1523-4d50-4de9-8a8e-b7a11efc3669;1952847
42883;bc6a02ea-eb36-4d12-9df6-1495c8169afc;
42873;1b631a6d-8c1c-4995-984c-5491780cbb02;1741462
42869;daa5431d-6e58-469d-a018-2e003ab7a101;
42867;d57ad7b3-4fe8-4ee3-91f3-68fc844c2d2e;
42865;aa2d5a3c-832b-4836-b86d-0f7ec47c0321;
42863;1060d6ad-69d3-4998-8844-69499fd21286;
42861;fbb267cd-eb42-4a75-a8cd-4f4e87042ee3;
42859;8d2e9820-5c85-4106-91d0-5e68ee40c026;
42857;cbcd6e9d-5b75-4e84-8909-31eb2fc12762;
42855;77f375b5-2ea1-42f3-8e6f-847584366cda;1952070
42853;936a65a1-793f-4561-b8a4-584e25125f6d;
42851;7fe1c1fb-bac4-4afb-8124-7899f9d02dec;1542126
42849;be63bdf8-e9fe-494b-82e1-fc2edbddf235;1951206
42847;7ec3ad62-c1a5-471d-ab2d-69115283e2e3;
42845;179ac665-e286-4e0d-a7c0-93338559e152;
42841;bc546451-3b77-4c3a-beaa-5f01324db5f5;
42839;7dc50cda-737f-48b2-84d2-c396994aebec;
42837;eb52752d-035b-4222-b9e7-9beef8315d65;
42835;11366d1f-a18a-4092-b86f-c4e6e1408cec;
42833;a6a51b08-f311-4368-9fe5-f52ea3b443c8;
42831;e45f4b25-419e-441d-b8e7-12622338b63a;
42829;92a94c9d-e71d-41ec-b8b9-12449b087c0b;
42827;cd65fb0c-6ff0-4a15-a4bb-216a3458ac9f;
42825;863c5798-4866-4815-ab2d-257311dab6e3;
42823;63212d9a-a662-487e-9d50-60218bb5f3e1;
42821;6a002630-9472-4a20-b5ad-0278025ed87a;
42819;0ca3bc99-4638-45b8-8436-88f00d2bcb55;
42817;07636d7d-0f43-420f-8b6c-c8b27fc98183;1920487
42815;1bfce34e-0f2c-435d-8c36-8b66b205c673;
42813;d62e95a8-d509-44d1-9daa-9fb64b273184;
42811;b9c39a34-0a03-478c-80dc-4c1ea531cc18;
42809;b5fd9112-82a3-4b3f-8d1a-0d504d14e29f;1877515
42807;b45e6a5f-662b-4481-89d7-08abf5ac7501;
42805;0ced8db1-4372-44b8-ab14-6165975f76d5;
42803;72825d4d-0ad5-4157-bda8-959bfa8a85b2;
42799;fba2684f-3b58-4bfb-9ba3-e32e0947e5d8;
42797;fdd00d76-6662-4378-9bac-aab336e7d5b8;
42795;2f963062-bd00-4bbb-b8ea-a15920bf42f6;
42793;c52275bb-20ad-4fbf-bc08-1405df34514c;
42791;2c00b184-03a9-430a-a304-1b6cf72d4410;
42789;14b714c7-0b3e-4f1d-bad1-eb30788e79fc;
42787;769556f4-01df-4c7b-a8b8-922f4adbfb9c;
42785;c6d26b71-03ee-4c17-9b51-a3b1cd8b48bd;1950667
42779;3f6ded2f-e26c-448f-8365-adfc5416cb48;
42777;d5baacf5-357f-4cf7-a734-13b3305e2333;
42775;417b4304-8b09-40f9-a6ac-eef76045cf16;
42773;a19758e5-5e91-4b96-8e21-ff1e96ca47fb;
42771;2d77a397-4633-470a-b0b1-d1489c4e2903;
42765;8a1c85ce-2218-4960-a6a5-45e09714c241;
42761;2c84ddf5-d2cb-4863-a393-cf058cc925b9;
42759;2223535a-d8b3-42e4-b8b9-f53de0761758;
42757;dd66dee7-60f5-4699-a51d-86fdb77eeb26;
42755;45adddcd-b911-442e-ad9b-670eba7f4569;1760336
42753;bb14c887-d542-42e4-9362-251a06ce58dc;
42751;7cc831c8-8f2a-4e33-9db5-7903f93f372f;
42749;edfa1aaf-6757-4272-adb5-65a3a1d15ed5;
42747;ff9f0778-115e-44f9-83bb-dd0583865fb8;
42745;38b13577-3d5f-4c53-8854-c4baa6b02d8a;
42743;80c85e87-1853-49de-8db6-df8b9180dc3d;
42741;0979468f-b19a-47b1-bbb2-fbe4e1325706;
42739;444bd5d8-2cdb-4008-a2dc-47b3bbd9210c;
42737;fa285560-9815-4288-9794-4ecfa0481d45;1890982
42735;3c6832db-7929-47db-812b-ed1735f04404;2010765
42733;b3fa79c9-baee-4d82-94f5-abeb7b2e0b5b;2008160
42731;025a3ddb-aa81-42ad-8d5c-7a8e0b188cb8;
42729;160316fc-a63b-4b92-a554-185c78a6d5a5;
42727;4eaa9f92-b34d-470e-b002-cb2322f4b5b8;
42725;bfdb0928-2f2a-4ebf-bcd9-617ab9ed789c;
42723;0fccb985-2d7a-4bd6-8855-4561bad8e066;
42721;3545cc72-ae1b-438f-a9b6-7c0b954d4440;1894130
42719;d03326c2-9cac-49fd-813c-e25a54fada80;
42717;ee5b689f-d541-4b3f-ab63-8cd87194a036;
42713;8194e078-08e8-43aa-873b-771b8f8bba62;
42711;76dba7ae-1d46-4f1a-8e79-49f22609ea9e;
42709;1f5c9613-4964-462e-8a8b-ff9ab9e80c39;
42705;f306199a-ef1d-44a0-92e0-377e0a09123e;
42703;a7bf03fb-c73c-4b66-bbf4-1bc9de3e7011;1919087
42701;c8da9241-ff6e-4b5c-85c4-603fb8265c30;
42699;d5fd44d0-13e1-4f4f-b802-76d80ff4eec7;
42697;1b631a6d-8c1c-4995-984c-5491780cbb02;1741462
42695;3e72baf4-4e2a-4ccd-93b6-9acdc9735571;1602563
42693;5c1f844c-b246-4c2c-8f69-2c49d37e7dce;
42691;95790dfa-b927-4acd-ad71-53f1d84d475b;
42689;0e70ace1-7bc3-4ab7-85ae-4cc89548fae5;
42687;d95d1316-c016-4859-86ad-2f268fea52c8;
42685;7cfaca71-3341-4871-a63d-8865ca1bf015;
42683;5b5c0069-df19-4e39-abfc-8d1138ad65f4;
42681;fccf63a0-4408-4088-ba6c-72f2760bf473;
42679;e2f8e2c3-d514-4eb0-b19b-b4e0fe026ff3;
42677;2e6e109e-07dc-4ff0-8181-433c1429f3ef;
42675;38c5978e-7949-41b2-be54-b7d450eb98be;1914638
42673;062a2757-9c53-4156-b790-c89725cf0dcf;
42671;78098906-81a4-4bde-9b33-8727fdd5eede;
42669;300f5e5c-f0ef-4b2d-9989-c1d2267ea62f;1948338
42667;d0f22356-bea6-4c39-a97f-6a2596187f8b;
42665;adccadbd-bd8c-4e0d-8a7a-0cc28a934669;
42663;a19876ec-7719-497c-a2ab-1f8e320c732a;
42661;7300d2c5-155b-45d0-ab73-976efc171ab2;
42659;74f0b1c2-df31-478b-8170-3097d3e4dbfb;
42657;0900112b-ebde-4350-9bd9-c2f45f223712;
42655;a435273e-5c9b-4a31-ab67-81df0fcb2b0c;
42653;f3451587-3800-43d9-8e49-f430882416b7;
42651;f063f483-ecbc-4730-a4d0-4eeefd3fd5ec;2003310
42649;e3063a6f-408e-4396-ac15-31322eba0812;1898657
42647;b6e92906-b0c6-40c8-9aeb-c2f6679afe44;1894484
42645;78aa7cc9-7242-40da-86d4-9435f511d6ed;2012056
42643;530e16df-f93a-4ece-9764-48d52ce49855;1502163
42641;110b2d99-9c02-4adc-aab1-436fde359dc7;1867552
42639;5eb2ee01-f518-4e82-b97b-57b71e017ff6;
42637;13b0e8b0-241d-4182-b26f-4f09ac0beb43;
42635;aaf60c75-561d-49da-a175-993476dc8dca;
42633;8cd11c7a-4d7e-423c-92e5-8b6103a6c7b4;
42631;ba62812a-33ae-436e-8c65-3ef683b13f30;
42629;0d4a017c-7e3d-4e70-ae52-330d9c1f8252;
42627;040186ac-33d7-492b-80a4-46b39511f408;
42625;dba5dab2-5b7e-4fb6-a2e7-26375f86f86c;
42623;f54de5a5-2b5a-465b-b854-ab0d8ca3b580;
42619;83b8cb03-921c-4e83-87be-55912a134a5d;
42617;a8c3e5f8-64fb-4fb5-b837-b51e0ce3f52c;
42615;9bf34874-1d40-4a4c-90c1-da7b9e207baf;
42613;eec1d1be-8f79-4cdc-a8bd-71bd16b65c24;1160330
42611;98c195a0-e9ae-45d5-9764-ed80abdfd0f6;
42609;c738766d-2c88-472e-83c1-6a897b69f073;
42607;f3b39c15-e18b-4d10-83ab-c87460968f7f;1922276
42605;6e4ffc1a-2bbd-4c57-8e4d-3d72a4656f4c;
42603;cba331b4-8551-4c62-bd06-ec492a874c9b;
42601;1c4b698b-b1dc-46a4-85de-e2ff5c4f82e7;1891111
42597;6150c189-dee9-4af4-befa-1e7e2f5b8de1;
42595;eb6e6118-dd5f-4a5c-b28a-36c35bb2ba08;
42593;2dbfe3f5-2bc5-4810-a406-8af8d757e133;
42591;fa7739db-793a-4099-91ca-e2a538b8a746;
42589;a609b6d4-08ba-422a-9ebe-147bc8972a9b;
42587;0433168f-b989-4ca5-a9fc-44a681a9b131;1903186
42585;7a196abd-e550-4bb5-9c8f-c88c4e39812e;
42583;63df241d-46d6-4672-82b3-0b3761c504eb;
42581;cacbb92c-94ec-481f-b9ac-d95bbf299e24;
42579;26cd8a3a-e18d-4b25-a201-22aabcb21407;
42577;922305dd-a3c2-458d-98a2-7572dab5bd87;1940230
42575;7a573d2c-6cf6-476b-b55e-458afa28ed25;
42571;f5bde51c-8c82-45be-be3a-688a8e9cb62f;
42569;7045fbe8-aee0-49f6-979f-3c670655077b;
42567;1a8f4402-ea9b-4224-9418-48cb85650ec1;1965182
42565;09019636-98e1-4db3-9cd5-2f07e6052f1d;1525824
42563;6c737aae-2e8b-42fc-9b71-3a7fd13d3f8b;
42561;09b5a4d3-e2b0-4a19-9c9f-2d9cf553dc89;
42559;6fcad0fe-a3b5-4bc9-8208-6ee14619c853;
42557;2ff3afa6-a10a-410d-b143-9e0ce38de438;
42555;485fb30d-6864-4fdd-b128-3fa5ec33fde7;
42553;da4a71a0-8dbb-4899-ab05-58da5854d687;1884732
42551;ed3e48d2-fef1-467b-be06-d7a16f07d582;
42549;35cd6f40-efa6-4253-b264-5ee698f958b1;
42547;34ad15f6-f1a2-4afd-a951-a4c66280da3c;
42545;82036ee7-04bf-4982-bdb1-40267c4d1daf;
42543;d43d80fe-c3d2-47d5-904c-ef680bbadaf6;1972771
42541;bc6fb441-c19d-46c6-ab51-a71dbc087da3;1189994
42539;89d2fc7a-481a-49b3-80df-eb5b1282957d;
42537;7dc4d9cb-a8e0-4b6a-9f8a-cab6e18497f8;
42535;017405f3-272b-4314-bdb3-a1d2d95e9e18;2001704
42533;bab1984c-e135-4530-b747-e2616d938ff6;
42531;4a8f03b1-3737-4548-9f6a-a945106ecae1;
42529;3a9e51c3-bf62-4dad-a6c2-20f074dd3a39;
42527;41b2d2ce-6310-42e5-9754-fb0f534d7e8a;
42525;b047b2ca-1d8f-4cbb-bab3-31eb8cde2ee7;
42523;128b822d-97b7-428c-b2cb-62bea4fc7b51;1722086
42521;567db651-fad6-4ded-b506-649c4a7ba138;
42519;a88d9e33-5f64-4974-aa38-c44cc6691571;
42517;bf0bea2c-e53f-43ef-ac0d-383ce8a3a46b;
42515;153bff7c-1210-41dd-8ee0-d3d388c5053e;
42513;88969a65-3ced-450e-ac63-a11aea961114;1895462
42511;b7c3f04f-50cf-4ec6-9c56-6c5bcfe141d6;
42509;b8b17161-a3fc-4de0-bf40-19fbae261f2a;
42507;5278a5a7-b6a5-4b62-8bb1-604896c3b29f;
42505;f18df291-d17d-43ab-81ab-4d3bdc967cb2;1961493
42503;67ab7585-48c4-4acb-943e-c12526b7bca2;
42501;2abebee0-4a3c-4e3e-929c-9d1ac8551a47;1923341
42499;73346ce1-61ab-432c-82a5-1794dbc54644;1881590
42497;647b3b85-ba91-496c-b311-e86979b06b54;
42495;0f0b5efb-82f3-4a4b-bc10-c8fd9f739d28;
42493;815f0b1d-2f66-4004-b9f3-fe5e71503139;
42491;7ab60aa0-2c2d-4de0-bb2b-9a5cd5e17491;1955456
42489;5bc6b618-3cad-43a3-a401-80e8510a793a;
42487;0a1c60b9-db94-430a-9be1-4f6ece844015;
42485;abcf99d1-eca4-4f29-9391-a77f21d0d42b;
42483;a3b67314-fe7f-4a4b-925e-6b2bc006f192;
42481;a8fc3953-0515-496f-aa2a-bfaf14179ff2;
42479;53fe304a-6bd4-4077-8e13-f9edd1690168;
42477;afe525fd-1b74-46b3-b2d3-2f2c4da1d6f4;
42475;8bce454e-3c5c-4be2-beba-ade8af1655ce;
42473;3334803c-9e22-4c13-9926-c00b71e2cb69;
42471;b12e33b6-a217-4ffd-88c7-6d5d10a8c675;
42469;eff838b2-dd25-4bc2-9910-0a174cd5eb4a;
42467;cd638559-03cc-41c6-a5c5-e654eb0352c8;
42465;a5698d43-33e5-45ad-b7d3-bfc7dd109904;
42463;9289d493-5f4d-40c9-b8ef-24301e4f5e43;1888004
42461;5cb317b7-f441-452b-9d9a-5b37fbedc6e4;
42459;11bf25a2-2156-4ff1-b0e0-5d04119d24ca;1612274
42457;0e3ed5a5-64af-43f2-b8e1-34b854e353cc;
42455;c16361be-7e99-4359-96da-65d7bba66fc7;
42453;92422098-bbd9-4fc9-866b-8f272e5e8938;
42451;c906c9f7-3512-453f-aee3-a93b25dd8a00;1989137
42449;129d34dd-1993-422b-84b2-79c72203ec2e;
42447;12013e84-1fef-42e4-8eeb-633cb256c611;
42445;a417f37e-467c-40c8-9c9f-4782928f2daf;
42443;6ac2318c-3986-459f-8918-b97baeafceb1;
42441;1d6f53b4-40ec-4823-afc1-bbf520e18bfd;
42439;0205cba2-3c01-4f6e-b049-eb633ecf3f1a;
42437;9a5f01a0-d08a-4cd8-8ed6-571c15558e09;
42435;03feb1e9-fcd1-4633-990a-8affdb59617b;1895429
42433;97272d61-9a0e-4595-81a5-40959220fb15;
42431;ed0ca4ae-b201-46aa-afa2-733ea963fa14;1912045
42429;05e0137f-527b-4b2d-8cd6-299fdaa4a99f;
42427;55c6a21d-14e8-4a63-8c04-2e6bf710dcb1;1167224
42425;36fc2c02-6999-41cf-a871-018bc15cd568;
42423;7cced320-2790-4615-8529-4c70cbf41810;
42421;db06c341-0ade-4573-a8d8-5a4ec4a5e187;
42419;ccc84d58-a764-40e2-b330-e72681e22b5b;
42417;ad3b0db8-ee55-42c3-a71c-7254c8f1faf9;
42415;c0c53cc4-a8b9-48cc-8324-def7b5923594;
42413;06dbf0d6-ec5e-4b9e-bd87-55f7b6edab77;
42411;263a040d-f028-4cf3-841c-b0603465da4e;
42409;5eb77d72-beb6-4cef-81f8-bd07b1c47b2a;
42407;15b9f2b2-8cd4-4204-a95e-90a261538d1e;
42405;178a7194-0c57-429e-944f-9f19858398ba;
42403;734af05e-ef80-4841-9991-e3120d260da9;
42401;14427e7d-f01b-4572-919b-ee1f5ec4cfb8;1910542
42399;cb59ff5a-c225-472a-b634-514f33e4d883;
42397;8af52981-4fa6-495b-81be-3c922cfdd14c;1237911
42395;c96c7330-87c8-4467-91c9-9c05c31f25cc;1936964
42393;db823555-f7d5-4acf-8b97-a94792f3b7bd;
42391;4e1fb941-f615-46ed-bc33-25614b7191b6;
42389;593ab12a-b420-4bed-aaf8-f4d576eda2de;
42387;edb7459a-9220-4e66-bba1-d1d093fdb7bd;1901700
42385;2adc43c4-28f0-45d3-9068-4a4aac963a78;
42383;de012563-645a-424f-9375-67f7320ea48c;
42381;dfe8ce3a-1975-40a5-87b4-662620ad3a11;
42379;046aa75a-1676-4ac9-a1d8-984b4aa45218;
42377;1ec34093-2dc2-43bb-b229-88b12fd1c6f8;1898208
42375;53b76a4f-b5b8-4483-9180-1f6a645c3082;
42373;1057ba96-0cf4-4444-b981-82852138d048;
42371;3767eed9-1fff-4a99-9e2c-f9261c4be32e;
42369;20aa69a3-a074-4d9c-9c7d-a53cfe9191f5;
42367;ea47524f-465a-4957-a8a3-93b4332afaa0;
42365;ef3bb68a-2b78-4cfc-a8e4-e02ecaf3c6e4;
42363;35940c9c-8de3-4192-8c9b-d374db06f132;
42361;4d91c0dd-3552-4b54-9aa2-3a086895f140;
42359;2edc351d-23e0-4e65-bee9-eddff352d7fa;1812793
42357;f27a2a72-a22d-40aa-97f1-345a39de3cdb;1884804
42355;e26db84b-5736-4dbb-ae02-9911b93bafdd;
42353;542db84d-d805-4221-ba83-09839f02c413;
42351;8191c257-c278-4cc5-b509-7fdf0386dbb8;
42349;0365b150-0a85-4086-ae04-6755e03de75d;
42347;fddc3c7e-5562-4217-9d71-811a94b4ad79;
42345;fcd6a001-68cf-49c2-9878-a5c62ecdb9f9;1826198
42343;40969d3a-ae16-4bc4-b61f-086e7d2d1e2b;1681239
42341;015bc6cf-dd2f-4259-a3bd-2ce5047a1b53;
42339;76071a3a-8bc5-402b-ab4c-68f64dbea0c3;1844528
42337;8f0e78a2-91da-4a44-affc-c8c9deda8efb;
42335;94c48d5d-0ec3-41c9-89ff-81349a1f28bd;
42333;ca341315-d3c1-4c11-ac01-96c3d2c6874f;1880017
42331;8780de3a-9268-4290-b137-00f0edbdfcab;1980895
42329;dc50676c-15c6-48a1-a8b4-dc3108192447;
42327;0af7a334-c9d8-4830-a6f0-b47e5f5fca63;
42325;c515e3f1-c967-4de2-8a0f-3372937087a8;
42323;8b3b13fa-0b90-4672-aeff-c2dddacd4a8c;
42321;55510529-6d8e-463e-9154-90a39a9e5262;1780122
42319;9c27280b-4a9c-4e34-b17c-96649d07e31d;
42317;cf1cea7d-28e6-4cf9-9415-788181d9bb26;
42315;fb0876da-d1e2-4ff1-ae40-1a2d944908b6;
42313;4bb6edbb-cc8d-4676-bae5-960890b2aedc;
42309;88f7f79a-d546-42c2-9ab9-be519717ae8c;
42307;b9c8e0cc-c168-453c-ae21-ac6c08070611;
42305;b1ac2ed4-a485-4aeb-b951-db78628023c9;
42303;0da81fd7-07b5-4711-b23f-78f9e5f7cbdd;1710180
42301;899c1335-b47b-4324-b2ee-b0648580568a;
42299;ab8f9d2c-bd20-4708-b629-6530126bfd3c;
42297;1ce3d348-736c-4372-8922-0d2b461f5f4e;1922414
42295;2c547c69-3356-4a0f-abba-ab3d672e204a;1183159
42293;ab65093f-c1bb-40a0-83c3-63b10ab0e7ff;
42291;3f8fa414-508c-41cd-a7e3-7b7b2001d0a8;
42289;d7b9f22c-abfb-45c8-aee6-c4b5df6f4a52;
42287;b047907f-e778-42d2-82a2-a2cba80f58c4;
42285;24836a79-3ada-4294-b276-12ec27025f1d;
42283;4fa5d3ec-bbf3-40c7-bf91-269b5a250299;
42281;d2c5d04e-eb34-44a3-a8dc-1cfc660595b0;
42279;1327f1b0-7ede-4270-957f-819d0e4d86cd;
42277;e7bec51c-22f7-4080-85e6-9b29f9b3d2c6;
42275;3e0434cc-0b0e-4b95-900e-dce472c812ac;1889212
42273;2128c868-7b32-4028-969d-a96c07c33952;1979304
42271;4b1eb98b-c0a3-41f7-8eb3-f852f7a4c9b2;
42269;c684cb4f-558e-4d94-bfea-2eeab262fe94;
42265;705874cc-4dee-437f-a14c-23407d034296;1988662
42263;78048da1-a090-494a-a1c0-17d7557ff380;1904429
42261;182ff9b8-2746-484c-aa5a-63727c272a0c;
42259;e3002ed6-3d5b-4606-a8a3-76c44aad34a5;
42257;330608a3-b322-447f-a448-b30a9136d5a1;
42255;5a06ffbf-aa3e-40dc-8b09-174699d3604d;
42253;1564966c-1585-4d17-b3ab-66d91a3798a1;
42249;a6c7ab30-869b-4ff5-8fe6-f5cfe3e6c1d7;
42247;da2a59d7-55f3-4b74-ad0f-b4567c92fd0e;
42245;b53ac3f4-b7a4-4523-9f81-e5eb85b7c327;
42241;578ca006-b8eb-4a1c-ad1c-298e76f4a1ee;
42239;06a2103e-965d-4665-a9c4-70f92d854456;1942727
42237;7b643c1d-b5f3-4b6b-ba42-aae1de61a216;
42235;b18abb87-807a-4d73-add0-17c685b8a4ea;1884812
42233;42f9321b-38f8-473b-baa9-512496cfb4d1;
42231;2a4c182e-0db5-4818-9297-af00a4fcc822;
42229;c4fe2f6d-9f11-405d-8966-f62593f32f86;
42227;5265d718-bf07-4b9b-8036-4b6c3b38ef1e;
42225;150e22d2-e306-49f2-98d2-510a711e1ebb;
42223;508a7df2-3c90-42ab-93ad-9ef4b5398367;
42221;c3ad927c-7464-43c9-bf3e-097d32f1c298;
42219;0e2c8ebb-60f7-4288-8bc7-7bbb7921938d;
42217;cb2eaa5c-b9ca-4ca8-9911-5e3581734480;
42215;86294bb3-dd68-484f-a02a-50a1e24cb51c;
42213;917500fb-c365-4342-882f-008202b29bc1;1568214
42211;8b43d180-a9a2-462b-b0db-bcb0acf21c45;
42209;ece9d19f-1745-4823-8be7-39dec416499f;1926595
42207;487d0e44-5cfc-4b3f-90ca-628781470fc4;
42205;fa21f835-fa44-4f18-a8e9-3c621f336ccf;
42203;0f2ebfe8-2a88-4950-9307-6ebe9958e22f;
42201;5ae8105a-ea39-4337-8dea-9f738abfd130;
42199;b782ab0d-a496-4d30-b3bc-8994662364f0;
42197;c477eec7-56a5-4df7-b6ca-e0d40d6f163c;
42195;88d91346-94b6-491b-9746-4c001d1fc058;
42193;64ddbe99-f297-4d52-8d2a-7bbc2736dd98;1931380
42191;80ed87da-52b5-4b52-a724-85e6f4719a46;
42189;6588e9f6-c944-4060-bb5e-669dc88d4455;
42187;9a741e36-ca8d-46ed-805e-ff2be059a5cf;
42185;46b5c49f-75c2-4eef-b311-4baba4507744;
42183;9ae4103e-708d-45f0-a48b-1ad9130126da;
42181;46a5277d-ecdc-40be-b0fa-c60385f3ce43;
42179;21c33297-0066-423b-8a82-7fab07d4fdac;
42177;42f46633-c9ee-4d87-9fe2-2ec2bd5c39a1;1966901
42175;187ea7b8-8456-4eee-a2b6-f4f4cf911379;
42173;5972c5a2-bddc-4882-945b-fbd90f77bd73;
42169;3c8e78af-0392-4c2d-b2a7-2827a7fd3509;
42167;93d6c937-9cc7-4538-8da3-045ed7ed5526;1891397
42165;03355b79-bb97-41ae-bb47-9c7172c0067d;1587632
42163;03094c66-1d56-486a-86d6-6362523d6b2e;
42161;d7882411-0b25-455b-bb6a-dfda35541f8b;1801790
42159;1f340d91-4e0b-4c74-a643-a7152544fee7;1925586
42157;56d070cb-9de4-4318-a2a3-7091fd12ba16;
42155;aff9a6b2-fe8d-4c8e-9ad7-643f61f501ec;
42153;eb12cc4d-69a2-459a-bd64-2a0191b21218;
42151;bb360381-8fd0-4c8b-9148-a24de6aa50a2;
42149;538b7b82-187a-4103-9f6d-81ccadb3f989;
42147;509992e7-1e9f-4eb9-b697-797130086801;1729168
42145;78459f43-31f1-463e-ac0a-8e3f6605c312;
42143;c5ed7fbf-09f4-4472-a5ce-f42adf40c4fe;
42141;f71a41d4-03c5-480a-9a8c-b119df9d29fb;
42139;135b0c51-01aa-481e-8310-828a94cc0601;1920139
42137;4616f7d4-061a-4400-8031-4d4d079bd5d0;
42135;409d7ac7-6348-4d9e-9b2d-1c6d518f021c;1978489
42133;19762a81-7926-4199-a277-391b9681a2ce;1882728
42131;e1294d4b-58a4-490e-acc2-fd37a681c19b;
42129;eef60df4-9588-43a1-80f9-994cc08a68a0;
42127;dd637e23-e4eb-4ad9-8c73-20e1d5d9e827;
42125;d057f633-b6ff-4e1f-b270-1440d211624b;1221237
42123;a38d6d90-273f-4af3-accb-bc03d9038b90;
42121;68e84b8a-e9ee-4e81-9168-000fa58a6e1a;1167903
42119;0dd8a8f5-8049-43ff-a60e-d136235f52db;
42117;01650ff6-091c-4b15-b0f7-c547aab2b90f;
42115;227b1abc-7b26-4f5c-b2c9-b885affcfd8c;1683351
42113;37264a8e-77f6-406f-910a-961412137ade;
42111;460afee9-fb04-4064-a827-3146221c0f55;
42109;4ec7926c-7062-4a13-b039-8f3b08cbb305;
42107;9e28fc53-38c1-4a04-a9de-bbe083f0b2f5;1923389
42105;eeb94cd1-815c-4a5d-99e1-8d4f9f7c08fb;
42103;64d9be5a-b1cb-441f-ae5f-d85907505e03;
42101;96553d96-5387-4652-88f3-635c6c3fe136;
42099;24dccf10-e598-400a-a55b-e708788fd7aa;
42097;0234792d-b998-4537-a0f1-b07ab7f765ff;
42095;a1048ed4-e1eb-4409-9199-c34243b382fa;
42093;623f8a8e-adf1-4ddc-8946-63ae4284c1af;
42091;e0552536-d6d0-4bf5-b07b-cf2e41889d47;
42089;c7ae6f06-e159-4771-a6e4-424ac6af61f7;1959762
42087;0adc5e90-28e2-475a-b586-c35eecbc2b24;
42083;2991516a-c4ed-45d0-b41f-22b644bc1bbe;
42079;aad00134-67ef-44e1-9751-687cbe8fa058;1578394
42077;d0006079-b452-4abf-8550-4a8244093cc1;
42075;0324bd24-1d13-4f9b-81ce-9518debe39eb;
42073;3cb6a01e-f111-46c2-861c-4260a6572189;1220902
42071;a2db9308-bef5-49f5-b3e9-a2f799a4fe2a;
42069;62801d2d-0b21-4fdd-9e0e-6a1f799e41c3;1911255
42067;ff48b325-c3bc-42d6-b128-4ee4fc269c24;
42065;80be1a9b-97b2-4f51-a9ee-d6c1add4815a;
42063;42a821f1-8a59-4a10-b003-60f22e1da811;
42061;d5b4a10b-7257-4b44-9814-3545a39d428e;
42059;ac3b622b-aecc-4d55-8b4e-a8c609f3fc31;
42057;b2ace035-9a94-44fe-9e2a-d3a5bff77f04;
42055;b6749371-2f4a-47d4-8d2b-9c3eb71ec4bd;1926225
42053;1bcd1628-dd49-4c24-b5d0-30247fa8e2ce;
42051;f8b9a0f5-0552-4e88-94bb-2623b2378b49;
42049;632e1c0c-3f1b-49cc-9b39-ee0f32b75315;1905125
42047;bd30adb8-e120-4285-8f21-0fb135741d04;
42045;155b2470-385d-4ffc-9895-ce0797cfef12;
42043;46133f0c-ab4e-4ffd-81df-7435c9adc896;
42041;b9452760-c7bb-40f8-a0f6-df378d21270f;
42039;3625c7c2-b4ab-4cf6-a326-8c5108626978;
42037;22274e7c-3a85-40a1-a256-2c0f44c65796;1837717
42035;ac0785b3-4273-4b3b-b3ce-d9e7444091c7;
42033;d51b7c44-0397-48a1-8876-0e98fc44edde;
42031;b002ad50-b93f-439e-b766-d7e3e35575ae;1936376
42029;ade7cb92-01d3-4f94-bf25-c87df275f179;
42027;d8febab9-54af-4f32-9a07-3b3e2ea28626;
42025;5e3df261-84f0-4336-af5e-8463f9c478ca;1507589
42023;506cff3e-3234-41ff-9d14-309507a12202;
42021;d5376911-4d69-46cc-b870-b4eb62e504d2;
42019;454231d1-ddf0-4e25-ad5b-ea76d104a1f3;
42017;c370fd2b-97f6-410f-b1b2-5b24fa720a98;
42015;179dd75f-66d9-4258-9c5d-d9ef014e1478;1899379
42013;e0bbac65-3ca8-4050-a660-5b6ccf6ba7c9;1891408
42011;0be2ec6b-561b-42c1-80fd-763e448dbb0e;
42009;f5464351-0264-4520-8654-d10994d21199;
42007;e799fe9c-bfac-4c3c-bb04-404d6d5397c7;
42005;702c8d73-34d0-4c44-982b-9b3de6b607ad;1899160
42003;3590bd5b-dd2f-45d7-b6eb-03313be1e336;
42001;59872c04-65c2-4ec2-922f-bfd43a332aff;
41999;02dbc88c-d970-4ca7-bf29-c54703dc9f9c;
41997;ebd776c5-913c-4691-8063-e46823ddcf06;
41995;df5ce03a-7a91-4ca1-ad70-6751110e1e34;
41993;9f950042-7021-41dc-a081-6d30f8a313ec;
41991;402c9eb9-9579-4b2a-8abd-c583da627132;
41989;4be45c04-9521-4e32-bf1d-39389e9559c5;1934500
41985;74ad0bce-b0ee-4a67-9b46-b65a56246f3d;
41981;cdf1c4db-77b6-4461-9f14-4443b81737c1;
41979;6704f092-7edb-42c8-aef6-3edfb01a07f7;
41977;602c4408-3b6a-4b86-9e5d-5cc72e4cda2c;
41975;83f1dd6d-7a72-4ce3-aad4-92dd39b128d9;
41973;e42c391f-ba06-4aa2-987a-14e8e80407c3;
41971;a90979de-9664-41b2-acee-7ef9f7efcd2a;
41969;53a4414b-965d-4c0c-b89d-d4db2e1ac557;
41967;a8249117-79b5-415b-a7b2-f3f3dc9f208b;
41965;e22303d7-0294-4136-8663-4f8f22a2f29b;
41963;0eceba2b-ca9c-4174-a7a6-7a9efd13e6d4;
41961;07ec1ad7-df0e-4e5d-a53d-71639e58fc79;
41959;24296575-8ba3-4c2a-b1c5-d912808c5977;
41955;24296575-8ba3-4c2a-b1c5-d912808c5977;
41921;be63bdf8-e9fe-494b-82e1-fc2edbddf235;1951206
41917;ab816a2e-0c0c-4800-bd59-148d3e91a84f;
41913;64966331-1482-46aa-b73d-d108c8b136af;1974099
41905;f93f8940-423f-4411-a9f3-c98c5a8fef68;1951502
41891;cabf2db4-6fcc-48f9-beb0-afcf2d10401b;1951186
41863;991c45c7-b2cf-4f87-974c-85884b779676;
41861;369a6285-18dc-407e-8e54-f561298eca22;
41857;1bedb8af-84ea-4212-a82c-f737ce9b022e;
41843;d2e77bbd-3204-49ab-b05b-19e049b5da75;1950417
41841;e081af57-b486-4b2b-9f4b-27ce40450264;1962336
41839;fd7f25ba-23ad-4f0c-9857-4c9a89a4a230;1950261
41795;3a2eb9b9-ce69-4917-ab2b-4d66549499d5;1293417
41785;5deced02-7dd7-441d-b1cb-bcfaf38ce631;1975613
41781;ef77466b-b6a8-4bde-9d85-8ce3a26c58e0;1950178
41773;5adae00d-d042-4414-80d3-e3cd23374cb0;1202022
41757;d486af33-f7b0-4648-9780-aabbb72c8897;1949700
41689;e997478d-75df-411b-952b-bfa84141f579;1949494
41619;d0a15537-2090-44c1-b2b9-eb7238a7d60e;1995587
41617;9aed6deb-286c-485a-8718-5e26a1569fcf;1955414
41559;e313f901-e56a-4de9-9702-492992538569;1548365
41519;77f375b5-2ea1-42f3-8e6f-847584366cda;1952070
41485;d7b9c3d4-344b-41df-9998-fd4d72e92271;1948338
41449;4e4ac5ae-f915-489d-90ce-3533e11cc72b;1947337
41445;f09c440b-7461-495b-954f-2da24b030c4f;1947316
41439;cc679362-4605-4187-bb37-b6fc8e46fa81;1947579
41351;4406b284-1d28-4537-9628-a8ff50283ad4;1947562
41307;0e72e6df-86e7-42de-9a87-12e257fd0c06;1977609
41265;2c372c63-ee1b-4840-9544-b84ac088900f;
41263;210f8347-da66-430d-b938-c562278a8bd8;
41261;a9416343-bfd7-40ed-9329-509a703e1370;1924875
41259;012508ff-99cf-4c1b-8642-14e4eb48a5ab;
41255;0234792d-b998-4537-a0f1-b07ab7f765ff;
41253;9d059f26-89e4-456e-ad56-8e483723be80;
41251;e1a01ee4-dcbf-4849-bafa-4feddf0e2dda;
41247;ec1f4df9-dd12-4764-ac35-fa8a07900990;
41235;b6749371-2f4a-47d4-8d2b-9c3eb71ec4bd;1926225
41233;70c9118f-3255-4d2d-a1e6-e1b0293a77fa;1998613
41231;08847650-b1cc-4913-bdc1-f4163a390ba8;
41207;4bcf6d75-5e2d-454c-9d56-0aa982a735b1;1944975
41181;a9f52058-9462-423e-86a1-a329c0b000c1;1959274
41171;e833773e-ba1f-46cc-89b7-1c7b9da40adb;
41169;23f7f3ce-dff7-444c-9add-461729a5e2f0;
41117;787c58de-b777-45fd-b08d-3ee7c7dfd151;
41111;c27f5b1e-7391-4297-8ff7-5107d6143f4c;1943529
41085;4b4cdf45-8bd1-47f2-b727-a6a5c47a614c;1561608
41069;8bf4764a-b4e4-4f6d-98e0-8104c10b0252;1942815
41065;48621831-f541-4a6b-ae42-82c0fdb17312;1950418
41061;7e379d56-df72-4c91-b12b-a2af1fda33e5;1942813
41053;eed1bb62-20b5-4139-98fb-454c1bfd22c7;
41009;461748bb-372b-47fe-9eac-a3051004e636;1945316
40965;83b8cb03-921c-4e83-87be-55912a134a5d;
40959;0353b2d2-d3d8-41be-895a-d792682d55e3;1942109
40949;6d4ce570-654b-4dd5-8d2c-e304254a88e9;1952057
40937;1112de07-c5a6-426a-a3dd-77ac4cbcbae0;
40935;5ff6b0cc-b4e2-45e5-bb05-b644e84e333e;1944793
40929;d3d0573c-aca1-452a-9921-4a968a6e7367;1942094
40927;60d10d0a-a6d9-4ae4-91d6-684f6d01ef52;
40857;445ac2fb-75ab-42ac-b8c5-253d8b11342f;1941914
40803;a156b225-f587-46de-aabc-d1a8f23a7582;1977475
40801;666a2a29-e8aa-4f95-9487-78f74c152dcf;1966952
40779;d6861e09-f656-4868-a09c-0676a10c19be;1940832
40761;32aa5715-8682-4fc6-8673-f3f90370cb94;
40755;45f77658-48c7-42d9-bbcb-e138e09f1af9;1940316
40741;51df023f-52c7-4e17-908b-fe1bf928b56f;1942274
40737;be63bdf8-e9fe-494b-82e1-fc2edbddf235;1951206
40729;0cf14ec3-34d6-4532-977c-e4975deb6de1;1940720
40725;9b68429c-22d2-4c7f-83b5-6307a697608d;1940345
40715;e3063a6f-408e-4396-ac15-31322eba0812;1898657
40703;171862b1-651f-4c74-b803-d7a3af811570;1941533
40699;ec6690c7-4697-4125-aada-c04cb90e0c3a;1941912
40605;98712e25-20f4-4686-88c3-4d1d13a31f35;1940902
40553;860cac11-dd30-4149-a341-f47111b33ac4;
40551;e6763e08-9c24-47ee-aa4e-ca10a7f70845;1940823
40537;22f0844c-6b70-45fc-9a77-2fd677ffd44f;1938068
40487;50b9c444-fa23-4b1e-bc02-1cb4d6421dbe;1937965
40475;417c2465-0399-47d9-9387-b19a314fc3ae;
40467;0adc5e90-28e2-475a-b586-c35eecbc2b24;
40397;b9c39a34-0a03-478c-80dc-4c1ea531cc18;
40357;31c23940-7030-4e2f-ae62-175c512dd535;1931023
40355;aa82a80f-e1ec-4b80-a5a8-181d9f7f4abb;1931146
40351;bf0bea2c-e53f-43ef-ac0d-383ce8a3a46b;
40349;58c0c0da-52fe-4fdb-88de-2b8cb2bae67d;1933532
40335;d463a077-b467-4c7f-8ba0-993d6aa2ed6e;1941537
40319;a0a5ce89-27af-4f7d-83f9-55380fdbc1a9;
40317;357c7405-d84c-4341-a01c-403378a6c185;1942280
40315;c684cb4f-558e-4d94-bfea-2eeab262fe94;
40289;72c10a1f-13dc-4b97-8d8a-1f1f4d8628cc;1954990
40287;3f4d327b-e2db-4fcc-a5ad-322e93bf5694;1937069
40275;8d9b67e2-0b21-48d8-adc0-3f1d424ad168;1931380
40243;e8272283-fedc-47d5-80eb-7ed974bcd6ac;1814940
40221;ec7208d9-4320-4eac-aef5-730f792b70ef;1940717
40207;bc6fb441-c19d-46c6-ab51-a71dbc087da3;1189994
40177;6c01cb47-7842-498d-9bc2-5cff84126d50;1935591
40115;7045fbe8-aee0-49f6-979f-3c670655077b;
40109;eed99d19-ac11-48d8-9fe3-75c15a1ef171;1945059
40039;4a0d8ede-6422-4991-a86d-0bed7d9aff93;1942140
40025;a08cb565-cc19-4bb9-8d12-072f63b162f8;1972501
40011;ce807c55-2c74-4f86-8d97-7dc09ccded87;1925586
39953;250b2ea3-6acb-4122-98b6-7ee01a337c25;1935832
39929;0b8fa88d-acfa-4c8e-8aeb-c4d470b4081d;
39901;42e63829-140b-424c-97ec-a4b98dfb7fe8;1945196
39873;a83fa0f4-c83f-41fd-9a76-05dd425d2882;1924075
39859;c5047d98-684c-4f17-8c20-9191045228e0;
39847;fb0876da-d1e2-4ff1-ae40-1a2d944908b6;
39835;01ca7aa2-9ba2-4e77-ab64-6d564320a93b;1950214
39833;5745ea13-0a7f-40a0-92a3-664e0e638bda;1892574
39809;64d9be5a-b1cb-441f-ae5f-d85907505e03;
39767;9a95991c-681a-4406-a91f-3a4767abc804;1923563
39745;c7ae6f06-e159-4771-a6e4-424ac6af61f7;1959762
39737;cd638559-03cc-41c6-a5c5-e654eb0352c8;
39727;21f68d2e-927e-417c-af83-d4640ff0a2c4;1925606
39715;9bf34874-1d40-4a4c-90c1-da7b9e207baf;
39641;6c2ad13f-a4c6-4cbd-be03-8e3c9cba358b;1921798
39627;4ec7926c-7062-4a13-b039-8f3b08cbb305;
39537;88d91346-94b6-491b-9746-4c001d1fc058;
39523;915462ab-f784-4120-863c-e69528206dfc;
39509;7ab63334-4d3a-44c6-98cc-a8046053d81a;1798243
39491;42f46633-c9ee-4d87-9fe2-2ec2bd5c39a1;1966901
39477;c58ddbd1-9e99-48eb-a621-3aaa01adacd8;
39453;beb1280c-57f8-4873-9885-6c2841447c07;1960457
39433;39f8587a-34f5-4ef6-886a-09514a15a817;1925819
39431;beb1280c-57f8-4873-9885-6c2841447c07;1960457
39429;70eb30e0-93d5-4685-96dd-b53e3c2ecbbd;
39419;aaa2d3ac-315a-45b4-8b6b-6099ef80ecdc;1923433
39417;d67263ef-e929-4442-9d36-ab78595907b2;1920178
39379;2d7c16ce-2416-4540-a5da-d5fc58188d33;1314511
39371;fd508867-290e-4215-af9f-eedf715e5dbe;2010772
39361;be011330-dabc-47f4-87a3-eaa2ff551a14;1956200
39331;ae08e1af-545b-4ba3-8205-fe0ae4ea6164;1920183
39289;7e32050d-048c-411e-810e-74ae78dab5f6;1918357
39255;994e1f1b-3f40-4ccc-8851-fb26e9a61131;1918381
39231;1af83899-edba-4ade-8629-368eef8c5546;
39229;ce9b46c9-dd74-4109-9643-c2f1c2e14998;1955462
39209;634631fc-e6d5-4e5c-94d2-4af24ab20b63;1914619
39203;0df85a32-8db1-49ac-b0fd-393e6c2f0e8a;
39187;457c7960-9587-445b-9431-046ae94ccbb1;1919087
39155;f6ad03e9-5220-489e-a077-68182389af1f;1913915
39137;a6a51b08-f311-4368-9fe5-f52ea3b443c8;
39111;7ca3ec59-a82e-4376-a0ad-02242b6ecb51;1913774
39103;1d69883b-6a44-4a44-a012-4f7069e61566;1912043
39089;182ff9b8-2746-484c-aa5a-63727c272a0c;
39081;150e22d2-e306-49f2-98d2-510a711e1ebb;
39051;e4f8774e-7b30-4ebc-8231-c39abcd90119;1923341
39027;379278b2-c401-4fb8-b803-a04e2e8f9b0b;1914514
39025;86b96384-b0cd-4456-86bd-ff42db01cd45;
39021;e47d902f-5a83-46fe-9912-9f4b78bcb987;
39019;d244b167-e793-4e14-9c9d-db0ac37de68a;
39007;d30787c9-04ff-47b1-bf84-444a6adb6b31;1911203
38991;caa25869-ecc2-4498-a48f-1cdb348d4e6d;1911328
38965;b3c76a78-f8bb-4676-99fc-cd65d4f63a69;1910542
38937;a125b953-47d4-4b6d-ae3b-68f8bec75ce1;1729168
38931;ab0db08e-5f51-4d6e-92d9-6f5404f8f1d1;1913788
38923;bac15c60-1467-4593-a18e-2354a6b82756;1933675
38877;62ad9f76-b05d-4458-96f5-0061c78e4b70;1909419
38865;67e72df6-d2dc-4e30-b340-6759b0f2c704;1909709
38855;f122a098-2947-427c-b816-22ecd3ddcdbf;1908939
38817;2f89b221-c2ad-416f-951c-1b577e978ee7;
38813;e6f521bb-51c5-4f85-ad17-22e826d72192;
38783;0365b150-0a85-4086-ae04-6755e03de75d;
38751;cb2eaa5c-b9ca-4ca8-9911-5e3581734480;
38733;2abae451-ef9e-40f3-8ac1-2df1a15c36ee;1906239
38685;c4d28a51-7692-4ead-9161-bc2caea26ec9;1919155
38669;92949931-6be9-4878-a84e-eb9cae3decca;1494440
38667;5157cdfc-3a0b-4a8d-9bd3-c36562a506d7;
38663;93077fbe-b1c8-4434-8bc9-9acff58315b2;1920483
38655;829f976c-c602-49a7-beba-2e2be0334135;1964257
38609;14ef2d81-5360-489c-8996-8f5d324ce3b6;1922414
38607;0226474f-c05e-45d9-b33e-d25a8f40a5f6;
38595;90c45cbf-4a25-40f5-8675-46f541557bcb;1904429
38571;649664b0-830e-4e2d-bebe-1a54b4bfc04e;1906205
38567;9f8e7115-5e9b-4aaa-b8c5-a32a0e95e410;1904329
38565;4ba554a4-542d-4ff7-86ee-8b3e01c78dca;1909696
38533;e099fc33-4698-4704-ade6-f32b8e0c8fa1;
38531;5f0cbbc1-cde6-4edc-88bc-f9e3da079502;1300751
38527;37cea9bd-78de-454d-bf24-4b23c6573bcc;
38447;efc643eb-2a10-4570-9394-22a3f4b55ce2;1903339
38445;2b577e66-5bbc-45f6-960d-159c81e0ebb5;1906208
38443;146108d5-a0be-418f-bbee-e77a6747806b;
38441;26b0f9a4-dfbf-4030-882e-a54aa49e545c;1911255
38435;c40b2b82-d350-4526-b1ef-328cd7edff8a;1901619
38417;ec971b72-1903-49e0-a73e-7b92bd628025;1901607
38407;98db9e1e-385a-45c9-8744-2be14a0e5fdb;1901250
37009;85458da5-4420-4a5f-8e16-a7257cdbbb14;
36447;eae397d9-d964-4568-a989-8a2d7df673d0;
36153;869086d9-1058-459d-ae1d-4482d285da24;1974744
35425;e9c7c7c8-0760-4712-a4a3-afe8494a9255;1813421
35205;d5200ed9-893c-43ec-abfc-f9980d702999;
33735;6a885113-eb2a-4148-aa71-2bf879f3b3b5;
33665;4e0b8877-cca1-438c-b3f8-a061a1af447d;
33617;0fd741fa-e784-428c-8c17-32cfeaac4368;1207365
33561;79acec28-67af-454e-afc4-04010cdf9fb9;
33537;2c684d49-26ad-4d6c-8744-23b83a549302;
33351;9c05d8a9-1ed8-45e8-9b45-29eb85a7796e;1755186
33259;a6d4ea08-e340-478c-9554-377522fe6899;1232422
32519;79adc922-d975-4f84-a8ea-abc4d84f4f66;1297921
31551;7d6bb9db-bc90-45e0-9766-5694d956bc3c;1923641
30809;6874eeac-d2cd-48d6-b48f-5fc8469435f5;
30483;9043d9f9-3fbc-4f55-8d83-98d13d6f61eb;1147474
30411;a544cd05-4f26-4f2b-8a7b-d7957540bc2f;
30409;5ad67e1b-7231-4a18-b9dd-dd8f63789c36;1918659
30407;c7ae6f06-e159-4771-a6e4-424ac6af61f7;1959762
30403;179dd75f-66d9-4258-9c5d-d9ef014e1478;1899379
30401;8013c894-c379-4e25-848f-44152485ba11;
30399;3bd550c9-756b-4584-99ef-dd7a74a3fdbc;2010765
30397;424019fe-c0fa-4958-9064-8bec203d79de;
30395;318b742e-48ab-431d-b289-754b006af7a5;1899404
30393;5ce52ec6-1b09-4967-8a4f-bd2f7036bae8;
30391;5ce52ec6-1b09-4967-8a4f-bd2f7036bae8;
30389;ce189046-3e52-4355-b390-40fafb9270ff;
30387;be84708f-9a3c-43d5-93dd-7a511e4cf0f8;1914097
30383;a59548cb-b365-4a69-8f1d-31f236a0cbd3;1898561
30381;d303da6a-1b67-4daf-8637-3af3a0e72de9;1899076
30379;49e68403-8183-4304-9a79-dcc673f6a42f;2003376
30377;297fadec-0f33-46db-81a1-0ca05703884f;1898208
30375;2d128338-34f4-4cfb-aca3-d702eca6e722;1898288
30373;dbca2e67-d511-4b07-bacf-9acd86ab8c5c;1914612
30371;7c645522-cd84-4982-80d4-0db1be2da97e;1910531
30369;312cb1b0-e133-4295-9339-a68a4f60b8d0;1895689
30365;eec1ce52-4340-4a06-95b3-a5ba382b775a;1895884
30361;6281d2e2-e0f6-431a-82a6-a91db0447f97;1895462
30359;c06ea9de-71a8-479c-895a-109f35e50fe3;1895445
30357;ae9938eb-4dcb-4fe3-8d98-76822aa118d0;
30355;9a37a462-29bf-4894-887d-3c040bc02fc1;1906488
30353;ade62f6b-22e9-45d5-b7f7-5a8a96168607;1894654
30349;7086786f-9a77-4cc3-8fc8-74ad5cd3a0bd;1894372
30345;05e6ae8b-0bf4-4ff3-acd3-2a604bc6ce78;1894671
30343;03feb1e9-fcd1-4633-990a-8affdb59617b;1895429
30341;b6e92906-b0c6-40c8-9aeb-c2f6679afe44;1894484
30337;9434770a-4904-4993-b4fb-3c636eb72acc;1894130
30333;e0bbac65-3ca8-4050-a660-5b6ccf6ba7c9;1891408
30331;84078657-dcb6-4a07-8074-5fafaac76f1a;1892208
30329;93d6c937-9cc7-4538-8da3-045ed7ed5526;1891397
30325;b553b135-912d-46db-a20d-0b2c84bb3a9d;1890987
30323;85e08a3d-acbf-4506-af5b-069d5ae74d69;1988784
30321;3394a974-0238-4043-8568-c0361ef9485d;1890159
30319;0a1c60b9-db94-430a-9be1-4f6ece844015;
30317;c4883fee-3f69-46ca-96d7-774548867360;1969464
30315;97a42d7b-7725-4e17-8166-5111973b5dca;1905125
30313;5909c3f3-764c-49e8-893d-19e20c849a9f;1889212
30311;9289d493-5f4d-40c9-b8ef-24301e4f5e43;1888004
30307;85bb97e3-fb94-4c56-a079-bcad5a73922c;1887880
30305;c02a8fdd-e315-4e4c-8b63-6817b3f72ff2;1898552
30301;0bf8b58e-9ba4-49e1-a891-240f1e600501;1923945
30299;380b6b14-7f57-4f09-816c-d8f21c344d89;1886652
30297;0bf8b58e-9ba4-49e1-a891-240f1e600501;1923945
30295;4e4f7232-d6ed-4daa-9e0e-b519ef2b53a5;1915277
30293;4e868685-27c5-4271-9701-578bee5a4293;1886861
30289;d26ed311-fc53-4606-b018-b5789ccc27ad;1885858
30281;4dba93ae-a87a-4c9a-91a5-0064e26a986d;1887788
30277;6aa46fe1-0485-4607-b5d8-4eb01fd8b249;1890982
30269;b2585f3f-f233-4beb-9730-ee3c0e98bd26;1884819
30255;26869f1d-dd0e-4066-9757-838b01c6e314;1884812
30253;d7830526-0a8c-412c-8af2-5372db6d36ab;1899160
30247;6bb8108e-6b7c-49b4-8ecd-c4192d9e1a2b;1883329
30245;2d66f332-d52a-4ebd-9dd5-27dd8d16b9ec;1922288
30243;c02a8fdd-e315-4e4c-8b63-6817b3f72ff2;1898552
30239;a7d58421-1533-4abb-a79f-f639ef35f854;1884783
30233;d1ac9e43-46a6-4cb0-baba-9d9d20993fda;1880731
30225;7feb9615-f174-4a16-9312-0874cccf6ef5;
30221;14a1513f-5058-4f60-836f-e9f24cdf9d08;
30219;ed142d7c-9014-4cab-89f6-1301dc812c46;1879853
30215;9cdc1c9d-11ab-42da-9fce-05257cbde110;1903423
30213;756e9ec2-d9a1-4f9f-bfc9-0a478ab63a7e;1990113
30203;279e633b-5f60-4409-a09b-608e4bbcd66f;1880712
30201;92d28338-f757-4fae-894b-73af00bb3567;1882728
30199;f09cb47b-f034-4e1f-8604-2805c92f7aa2;1876933
30197;1647fb66-a480-44c0-ad9a-78310eaa0c42;1876804
30195;342b5355-4760-4d16-9213-c4d9c937c159;1876929
30193;21d5ae0c-79fa-4011-9f0a-42a1ff4484e2;1914142
30191;bb580fbf-ed93-4043-9d15-209e0b92e251;
30187;855e39ec-85fa-4617-a460-9fdaea65e153;1877515
30183;f70c6368-42ff-49b0-a55c-1a505139d83e;
30181;38f03a6c-24cb-454c-822c-0c4a968ace1a;1831884
30179;eac55148-1de1-4a19-a6d1-982a76d23e4b;
30177;45772916-5bf2-44b2-a14b-dee5477a134a;
30175;d1022621-b71d-4e26-a027-0045f4f0756d;1880041
30161;9076202d-dccb-4e85-8db3-49253efa6a35;1874789
30157;87cd8e14-2563-40dd-b3c5-f4b3b606396b;1876957
30155;78fce944-0ebf-4318-980c-b39bcb246f0f;1874855
30153;5771ac0d-6ff5-4dee-9a78-1ffdffe6dcb8;1877016
30147;017405f3-272b-4314-bdb3-a1d2d95e9e18;2001704
30143;1127eb12-7699-428c-b190-38da21505c86;1873083
30135;380ad696-e340-4e78-b95c-aeb1b1934aad;1904415
30129;716c810e-3e1e-4db4-84a2-900c2440ca73;1871144
30121;fc76fcab-2942-4bbb-86ae-1adfbd3516b5;
30113;654b101b-e888-4b71-8d36-5428275643ad;1870935
30103;8801afa3-0ad1-47a3-ab78-3c1b8376d160;
30047;8f0bde14-1b64-4775-a153-cfd408a3e051;1999141
30039;f89ac985-70cf-4785-88fa-0f4482556b01;1870415
30021;a3717584-30f2-4696-b4b8-2651ae8f932a;1214989
30013;7903c943-da12-4269-8206-9de2d8991ec7;1872475
30011;333d4a2e-dda3-4f2e-950d-2d5e10aa00b4;1905081
30007;3c2a8288-24b5-4805-8460-21e9ec02c252;1906191
30001;620c402d-282d-463c-acd9-3e37fb9ac150;1866224
29993;867590f7-04e1-4cd9-88f6-aa5901fca2fd;1866174
29989;0ca7530f-fa9b-450c-b321-adaeb90b7a79;1866244
29983;67f715f5-3821-4e4a-8a9b-05915d9dc763;
29979;6752aa82-f8dd-4081-a1c7-c36b625ee1e2;1867191
29977;7410f2de-0137-4765-9134-90b0daca3c44;1891363
29975;7422a7c5-e25d-44a0-a133-bd7383b96a2d;1865232
29969;7a9c365d-ca39-42ae-9b63-37ba4d97288d;1864962
29967;7632d6d2-99e5-4ca3-aa6c-f4b4d16ecb7b;1826198
29965;70da7080-ff54-4220-b6a6-57b79df30fa2;
29959;cca2de54-37fb-47cf-b51f-a93628f6f293;1865998
29947;2a109f9a-f300-44cf-b56b-c4c5df3f1669;1864302
29943;86d4926a-1c72-42dd-a06e-993ed710e19f;1864574
29941;bce323a7-c2be-4c2b-bf90-bd6d3290d268;
29937;c96b8535-d872-40a5-8fc0-df6322dfa89c;1864178
29933;17b5ec44-ccab-4c3a-9359-5f8767fb0e90;
29929;721e9b58-d605-4d81-a87f-3503541e07bc;1237630
29923;4213694d-e033-4acd-9d9b-76d3e868929f;1862310
29919;d718646c-7470-45e0-a339-18b15d90cfb0;1995505
29889;f6a155aa-eb7f-4e93-b2ad-d94503656675;1927519
29887;75862e03-6101-41be-880c-a0ecf28544f6;1860639
29885;b382b718-5988-42d5-9395-a9a8e52c28d8;1860188
29881;2e709ece-404d-46d8-a635-2722bc76c320;1859197
29877;7992ba46-63ca-41f3-a059-adc1534e7f64;1859207
29875;99cc8312-aa16-4b8d-bd84-04407e86f7b7;
29869;ec55ef1c-2725-43c1-a98b-4d628f5bd1f4;
29867;d571825c-757f-4e5d-be5c-e1545d4989f7;1860170
29865;b830504d-4421-42f7-811d-b75087d5f70f;1980561
29863;97832029-2f1d-47fb-ac69-06599072d0ef;
29861;3b989a5c-253c-4cfd-b43b-c739bbcbd4ee;1858314
29855;dec6584d-c8a1-45d2-99f7-f02dcf48ac63;1858216
29853;6af77b6e-8329-4fcb-9ead-403849c680c4;1858069
29837;03f33426-04ab-4d17-8edb-08715ac7b465;1858326
29821;17056ac5-fc32-4187-8e3e-58e0bdceef6b;1864579
29819;c0bb5eeb-da08-46a8-b280-4eff4a3e5933;1858005
29815;1c4b698b-b1dc-46a4-85de-e2ff5c4f82e7;1891111
29809;dc6942df-436b-4fd8-86d0-d468e8aaecde;
29807;0e748efb-d811-4d21-a46b-b62999bb46a9;
29801;f3836928-d58c-4497-b572-c2c2cc03a376;1858030
29797;fc6030bc-acc9-447d-9ce3-55788dfc4765;1855167
29787;8560043f-b6bc-4ab1-8daa-d6be02661dfb;1875097
29785;81508e05-79ba-450d-89df-55506cd35a58;
29757;26f0947c-6bf6-48e3-9e8c-6b95acc7d1c9;1548172
29741;36cfb1b6-83e4-49c5-996b-8014aa377f81;1864531
29739;4ee884f4-77e6-41df-8928-05a72dc2b5ca;1853790
29737;9b339e12-c0d4-4bea-8fbf-33643bb23bc6;
29735;8d58ec63-e1dd-4938-ab6e-338e758fa9e5;1852859
29733;28f1e10b-3079-4939-9b19-3f66d8ccfded;1853634
29725;315fc4fc-dbf4-48a5-8f2c-1c10a7325cfa;
29715;0df82199-06cc-4825-a7b7-9970218d5f74;1166579
29711;d9fa2cd2-6f09-447c-b3e1-14c034d7f2ae;1852199
29705;e805a431-0f26-4e59-813a-a33872447957;1851705
29703;a15d7561-386e-4b8e-b192-d457d33c059f;1852116
29701;d211c5a1-ed6b-4c96-be64-5dab56031f6c;1851645
29699;3313a40e-62c9-4ba0-878a-77b5978a5e21;1851653
29689;ba383a52-4c4f-4b97-b92f-382ba26f8ce9;1850749
29687;6f007fac-490f-431f-90c1-1a79e12270dc;
29679;a2f0d45b-b084-4ea5-a0f3-c2dd5b2ca949;1850713
29677;f48a7a80-67ac-4ffe-ac4f-e2f29fcfade7;1851686
29633;17396194-aa3a-42d4-97ba-a677ead72334;1847886
29625;98dd9fb4-0051-4929-9a8a-7a3b1df98917;1978183
29615;d9c6bcde-f00c-4450-8ba3-f302d284f7a7;
29593;0a9cceba-b60c-4446-b57d-535773ac7bf4;1847875
29585;cd71db77-3834-4ed1-b16a-2bb1002847b0;1846576
29551;f48effe6-ddef-423f-a208-03381100db2a;1858266
29549;674a2690-486f-4276-a523-b6de425e5f80;1541563
29539;b6d8b527-28e6-4225-bc29-e1556c3e0aa6;1845542
29513;0b9e12fa-37ac-4ed4-a780-0d0780995a92;
29413;a156b225-f587-46de-aabc-d1a8f23a7582;1977475
29407;e1599202-48ee-4a4f-9b9d-f6f4171de844;1858363
29401;b7a81b4f-ddf6-485b-aec6-1b39ba860cbc;1842618
29385;e40d8b3e-e01b-41fa-8201-e0a838691b0c;1925769
29381;14200e2c-5855-4da1-a865-c473ae96739a;1842064
29379;ecabf8cf-0091-4ca3-8aea-e9de3f07c218;1770136
29375;823d022d-b3ee-45d5-adb4-d0348d2a188e;1841958
29369;29ac7f15-0f4d-4332-9f41-25fcb19fcfa8;1998472
29363;f26d7ccd-1651-4d7e-b6d7-46921f1c88ae;1840975
29361;2b871465-6fcd-4f1b-abef-2f1b3066f350;1924082
29359;399f4720-53ef-4585-a4c3-baf7fe310038;1840230
29357;2340d7c3-bff6-4b4c-9195-27ec7351a8f2;1258609
29355;e656853d-8695-411c-b081-465ccbf504fb;1842573
29353;d92f0c72-290b-4dd1-b23d-f4183fe12e27;1852780
29349;c98eaf6e-056d-45de-8562-2dce59d2b662;1850712
29347;6cd5cbf4-515c-4cb8-8ade-b906abbbfc32;1837359
29345;a3b67314-fe7f-4a4b-925e-6b2bc006f192;
29329;503c8aa7-0a43-4067-8177-21e40f624ee5;1836034
29321;e3f858f0-f2f1-4f82-8cb4-e3f027b218f5;1860803
29317;41735fdf-4f10-44a3-b853-eab8009705c0;1836319
29315;09cb473e-d662-4f3d-8e93-f9dff6396937;1833209
29311;2127ce5e-6547-4384-b5be-2f38701ccf86;1851640
29305;f4509b64-8121-46e8-a38a-7c5ed3f8cd7d;1834241
29301;a1e3de8f-9ecc-4537-9215-a5b97010075b;1833134
29297;d6d4cc86-c180-4be2-b0d1-6033eb08f6e8;1832685
29295;b4f324e7-0219-4d44-aea2-d9e3b9e058b9;1834553
29289;4518a45c-b225-41ff-943f-82045643cb41;1832779
29285;5f693d2a-57aa-423c-9e93-698e1b66acb2;1844242
29273;19143194-5d5d-4f21-b85f-b9bdcbf9a2e4;1181124
29271;7cdf48f9-5da7-4d10-a2cc-fc456299af91;
29269;ab582d4d-3815-4851-ba93-1ff32a6710d8;
29267;d5037bd3-83b1-456f-a913-0300a22f3cb7;
29251;b1050e2b-3fad-45ba-8e40-ed2d6b83c554;
29247;5f693d2a-57aa-423c-9e93-698e1b66acb2;1844242
29243;5145ba18-7932-4c86-84b0-07552e4482dc;1723739
29239;ae8bcd8b-0865-49f8-9af0-2abae328f7ae;1364819
29237;c3ab517e-101a-47ab-815a-05083b37beb6;
29213;76f03b57-957f-4fec-ba3d-d7d4e7ad9f4d;1840284
29201;5b1d2510-f076-403b-a937-3816eba9787d;1824262
29197;cba9bb8e-f7ae-4cda-bbdd-d3c46aeaedfc;1824258
29193;32dd0342-2ccb-4e13-8d43-98b07cb88b10;1824808
29183;d650bdaf-fd02-4c64-a8fd-802c06af94b2;1837446
29179;1f855d7b-ccdf-4ca7-9714-715f583283e5;
29177;1f239922-a1b1-4afa-b1f5-b1641e488b51;
29167;21cc2207-4ffe-41ea-9500-4e9ec1d5c86c;
29165;a3b9cbd7-fc63-405d-b61d-2b7344e7b405;1823529
29155;966134bb-3706-433f-b0d5-f360a43a6de0;1821601
29145;bd695ed0-9916-46e7-b031-2d176bee73c3;1923389
29137;09178552-b152-46c8-ae5c-ecc4d93d896f;1820703
29135;bce323a7-c2be-4c2b-bf90-bd6d3290d268;
29129;4816828f-c20a-4ade-ab83-4a13e42488a3;1851152
29127;8c181601-dfbc-49f2-b293-1f166ff88e81;1820392
29125;f995cc80-637e-40d7-a2a7-713bd30db396;1819599
29123;e56e9095-61ab-4595-9e1e-afcf92624f03;1819050
29113;c580b550-8d95-4fca-9d49-020c3f7c161a;1818921
29103;fbf97c80-fcc5-41ea-8cab-c237212dfa48;1818565
29101;ca515881-5a03-459c-a7cf-5037d1e65b77;1839014
29097;c843b3c1-17a0-40c1-b08c-e29970a8a984;1818477
29079;563fcf71-5df2-494e-8b37-ca40583d6250;1819957
29077;302e8b0d-fc96-44b5-b296-c894554b5586;1818968
29073;e1da14ca-9ef7-4697-b8d8-803ef490f73d;1835938
29067;ca45b978-1a25-4444-9267-115e112a9f6e;1818376
29065;2b2a5e90-f025-44f7-9264-1ca09614f2e2;1817023
29057;7ac51b33-7349-4f96-8335-3d03f8bbe620;1817354
29045;8a06e74f-18d7-4034-a8be-a4d672d4c317;1843069
29041;e9a7dc77-9b23-4c2b-b2b3-52cda7844a00;1817014
29037;b1c38401-7e59-4fb6-8ee6-664d83ec60ce;2005353
29027;a8d8f236-1369-440f-9ab5-f6de1e38f453;1815546
29009;f4401718-455a-4d6a-9c14-1e6008c0bbf7;1817348
29007;27b4cd09-bbca-4e19-99ad-0f673c1621f2;1818954
29001;c3fd4177-efec-40b1-a5b8-5250ab048900;1922306
28999;348a1ce0-91df-406c-9817-a549910e7b0c;1817339
28997;c6dfc410-48b9-4d81-9924-65e3ac80f06a;1844671
28979;a67b4172-39aa-4e18-bcbf-2c8d03bd6912;1813408
28967;8f26e876-e11f-4ee0-b015-729e60a45d2e;1815838
28965;200ce330-b6a6-4b23-ae45-987ee76ac202;1815405
28945;23b6e90d-41d8-41cc-8743-4beb76c7be01;1864715
28941;200f81b9-e8f0-4c20-9a5f-86774981ad2a;1867896
28939;6740c893-ad72-4db9-bd55-577d20b98700;1812767
28937;1824a55c-e6ca-4e75-963d-322058a12d4a;1812796
28923;0f834373-86fc-4b5b-bc80-038e7233899b;1812334
28917;5be09203-ef82-4e18-b6f1-cf6e8867ebc7;1812995
28915;b64053ec-e4e8-4ce0-a6f1-55efbb50a3b2;1818317
28907;3025dfe2-33b9-4604-b77e-a0bc669bd632;1810695
28905;46a768c9-19cf-402b-934b-75be7abf5bde;1811654
28901;a7c2cfa9-9428-4aa1-8ea0-d61b2bf90090;1811696
28897;b382b718-5988-42d5-9395-a9a8e52c28d8;1860188
28895;e72fc2c3-8f48-4d4d-8e9a-fa28529580ed;1811684
28889;5c3a3fe1-fd61-4209-9e3b-12c92a582a79;1810438
28883;282cb6e5-e8e2-45a8-b1b3-3d4bbbd8ebf2;
28879;944b7d83-be07-4fd8-8fa5-a0b9aafb2e95;
28875;824673d9-05b6-4687-a7a4-7b52a3962f3f;
28867;c2ad8d61-44cb-4d9b-9cba-e8c475c40f37;1809864
28859;ff9dc72b-72e5-4dc9-a4db-940e93788c92;1809127
28857;ff23235c-3968-4219-891c-0867a4c8e27b;1809786
28849;841d01f5-2630-4fa8-80f5-f19c20447499;
28847;78ec8a8c-6f65-4923-a9fd-1430e30b567d;1808594
28845;a5b1d1df-4260-43c5-b2bc-c3a662bb0e93;1808526
28843;0725d9a3-dde5-4e88-ba53-478410895329;1808945
28839;040186ac-33d7-492b-80a4-46b39511f408;
28837;a508cd7d-21cf-4dfe-bea4-c5d1a675092d;1844278
28835;55d43475-3795-47a9-adeb-7cc23af41cc5;1807058
28831;b2c89de8-6d3f-4678-82da-0f351b179cdd;1807046
28829;b932418a-6469-4f32-b9b1-017cd63752d3;
28827;88c01ee1-8273-456f-9e2b-8e8918bd404f;1806644
28823;8d7ae8db-ffdf-496d-b747-c93bd0ff22ca;1806725
28819;5b15396e-a270-44ba-9e57-ad6acf452202;1247501
28809;c6a8d7bc-66c4-4da1-8fc6-360c3f924895;
28803;06935c86-edfb-4ac0-9b56-9cdaadf7d83f;
28801;01fc86d9-dce0-40fc-a534-00c88f56e851;1868874
28799;0c200bcc-7c1b-4915-aca3-c1a5c9997e3e;1806426
28793;0c200bcc-7c1b-4915-aca3-c1a5c9997e3e;1806426
28787;0f7bd3f1-2602-43f0-818b-70620bc11f3f;1806119
28785;ca45b978-1a25-4444-9267-115e112a9f6e;1818376
28779;5da51d4c-721d-4647-9972-8960b7812d89;1805409
28773;8e44d849-199b-474c-8bb0-8a34176b1e64;
28767;62543043-5ad0-499f-a17b-d8678bd6a219;1815088
28757;b20c010f-356b-4a27-9ec5-2f9bc0b41b02;1652870
28749;80941a9c-ed2a-4ce7-a3c0-a860250a275a;1844184
28739;ba39fd04-1ffd-4222-8066-2b9a5bb6ec3d;1844620
28731;ec0b96cd-eaa3-4706-91da-b5a2c51c9699;1809026
28719;95973823-4ac9-46b5-ae96-f259e6413bc6;1809555
28713;564a6e0a-3f5b-4f11-9c1f-f6854497bb81;
28697;fcf68ab8-264f-4e94-a0c9-3ba4cbe9736f;1811160
28695;9e3d6013-0248-4845-b340-793ae1d4d415;1802438
28691;7066a79d-b4a6-4399-8069-3196b53b7b15;1795564
28685;f3ef610d-23c0-4168-a0ff-527e2068ca1c;1801529
28681;6d4f2285-8e31-4d97-9563-bd15c0613984;
28673;b20c010f-356b-4a27-9ec5-2f9bc0b41b02;1652870
28669;ae08cc0c-2f0e-42af-b0f0-1660a2b346a7;
28665;cc7fc6bc-f87b-4bc8-944e-840c85b77f8d;
28643;03bc8bc4-d286-44ce-a984-727d4723cb73;1800870
28641;25d8dd16-fb88-46f9-92a6-fe6549c07897;1807083
28639;02483c12-de49-446c-888c-a3f42da40eb2;1801114
28629;03bc8bc4-d286-44ce-a984-727d4723cb73;1800870
28627;4cc7ffc6-6833-4ab3-9a95-88a24bf0cb1a;
28619;287069a2-5b46-4107-9064-8c5e296e01d1;1799526
28617;ec33ca39-3f0f-4b10-bf20-51753d4efb08;1799761
28607;54c09588-f5f4-4eba-8fd7-69719ecf969d;1801790
28603;5512b42c-3bd8-4366-a551-77981bf29bc2;1799743
28601;a475aeba-562c-444f-85e8-e703b6d13d2c;1931309
28597;0f67a4a8-d03a-41ce-9a2e-c13246d9a173;1805968
28571;dbc16a3c-9015-4be6-8f13-627d171cb28c;1799134
28569;d93ad9a9-71ee-42bc-9832-8d97183ade1a;1800873
28567;f4118fcc-4c53-4305-8686-444af304b341;1801178
28565;8618afe4-ba3a-4bfc-be4a-146904585789;1799000
28539;0da87548-2420-4121-9e1e-a18283d6e9ad;
28535;4cb9617c-78b1-449d-a9ae-9ec35afcea3d;1798965
28529;f6906c65-091c-427e-8e2e-ddf88eb6e0a5;1798651
28521;64986b10-9d36-4900-ac07-1f8ae2ae838f;1740474
28513;31617102-e109-4b3a-beab-aeeb0408cd13;1798731
28509;820d7cb9-4bff-40a1-98c2-114f8c58825d;1809086
28507;eda3bfdd-3b79-4165-8d5a-f7201921c50d;1253512
28501;751816e4-608e-433e-9485-571a79e5f270;1802439
28489;d29a0ade-1d14-4504-a54a-c011953291f3;1849550
28481;b691bf02-d675-41d1-a3a1-cae2f7553002;1859280
28449;d4df7510-38e7-46c2-8466-c3b50c4a8e97;
28417;9f0c1aea-4edf-40bf-9bb4-156ce130b535;1812999
28415;76a3ae49-58b7-47c2-b561-2523e0c473e6;1880011
28411;aa2e2576-192b-404f-8f3b-8965856db20f;1796947
28407;68caa50d-5f76-4880-a7c9-d8c62478938c;
28405;3e4c7e9f-416a-4481-b952-92d27af74970;
28369;590d8e47-0f4e-4fc3-a61e-dfb64f1a39e9;1802335
28363;b0fd2355-ea6f-4f0a-9571-64f525e1da20;1825019
28353;4b1db29e-5125-48a0-90d8-a23d16185226;1922564
28345;5e8153f3-f6bb-40ec-90cf-c732e7d37ddf;1805429
28335;8a06e74f-18d7-4034-a8be-a4d672d4c317;1843069
28289;6e4367b1-62e5-479a-95d3-4317f3c961c1;1795488
28273;b799dd5d-9437-4cc8-8e57-39b6a6ff5d1d;1814468
28225;1432cebb-8120-4d7c-9c21-3a68cd78c264;1800906
28185;0feb4b65-f7de-4127-9aef-1e5c8bee2803;1806708
28175;96d64f89-6887-423b-a25b-ef3114fdb528;1793598
28111;aa781ddb-5831-4557-8df9-744d53391ccd;1793167
28089;05148475-4b75-4f48-87e4-207251286574;1792575
28087;040186ac-33d7-492b-80a4-46b39511f408;
28065;f13f8870-8177-40ac-9d21-f11a0b982155;1798243
28049;2bcae04b-062b-46dc-bbf0-8ec66331227b;1867182
28029;31a9ae3e-5786-421d-b5e1-1a3713d88b29;1509428
28019;bb5e2151-0b63-4d8c-9d43-b7f9753a642f;1797860
27991;3e95bda3-1990-4a4e-88bc-8b0c6c61b411;1850750
27979;60249f51-4a8e-4e2d-8d29-74b9df476602;
27961;e4affdc6-557b-4255-8265-6eeb3010ec3a;1979608
27949;fa20001a-17c0-4981-aee1-d42ffe44c8b5;1186420
27937;8a3332a6-1e76-4bf5-ba22-da23020c9e48;1957607
27931;bf3f5a99-d302-4f4d-ae59-7f3eeaf30233;1723875
27921;ce7ce3f7-6082-4f33-98d6-817970c6e43a;1202033
27919;a39ec4c0-6e81-4b16-a0d7-ea90c39a3a29;
27857;fbbae128-b2c7-4d4d-8d99-07fec2add074;1870399
27849;abeea9ae-9ebd-445f-9b62-e8e81487b3a3;1796776
27837;f78e4c90-fb5f-42cd-acc1-6d95fa70bbf7;
27835;4647b7a1-0179-4dfe-86f4-5cd9306940ba;1768045
27833;493fa0a1-0487-4a77-bcc7-d960ac44173a;1789328
27827;5673252a-73e5-4b10-8e92-ccb3f553296c;1788801
27825;f9eb8bc2-ec7e-4ce6-bbf1-4d5314e1cd95;
27819;b1210ea2-9247-442b-8ae4-9b26b8dfb94e;1793171
27817;52500138-b01c-47c2-980a-962dee074415;1788922
27809;96b46d1f-9ea4-42c4-9884-fdcb2c2c0fb6;1798971
27765;311fb88b-1f04-41b1-90af-5995e7bc18f7;1788774
27735;302d1d63-d6ff-438a-9d75-f230d9a27045;1787905
27719;3cc8acb4-bb11-4392-9697-386cecbd8285;1787855
27715;13997917-656b-4c57-89e1-aa0396b86bd8;1788581
27711;55b72666-9673-46b3-a489-82f67aea10bb;1796034
27707;8a7fa8d4-0073-4913-b802-5840191be0a3;1787569
27681;a00951a5-d947-4511-9bbd-c092b96f8f65;
27667;8fddb2f9-6b4f-4e3a-9412-73ca109e1b18;
27657;2f5c8954-a1bf-496d-9ef9-7b30cb0ae14b;1785838
27633;cf764137-d843-4974-b2e1-3c7ba753d67b;1785667
27631;b95dccdb-7b48-42f0-a10e-a18d381eded6;1489353
27619;371d650a-758e-4f3f-b139-a9665d8c1208;
27615;895a0d99-27a3-413e-8e9e-d9a3a99ba175;1787391
27607;ab0f771e-7c71-4640-9cfe-49cc533d17e4;1790846
27591;f4690504-b117-4a7a-af77-0fdb976b943b;1785852
27589;c837651d-cb10-49ae-ad85-31d2cf41ccc2;1922878
27565;d04a453f-76cd-472e-b459-ffb640484551;1784986
27545;fa737aba-1089-4949-9665-43417e57b6bb;1784968
27543;b862469d-5800-41b3-9fc7-fb6a9237c40d;
27541;68336781-30e2-409e-b536-006041fc444e;1782674
27519;4c251ed8-b1a3-45ca-82f6-dea33a4d6755;1812813
27499;aa89fe15-8cbe-4054-a304-abdb4b3feb33;
27477;12ebd1a0-d162-4033-94a3-079ce8d2a155;
27463;269a74dd-2376-47b1-b1be-91eb1523b899;1785795
27441;a7575d22-9070-47fd-9d76-ab22e44a4735;1784193
27423;ace92e58-547f-4678-916b-1933304aae99;1783849
27419;e9c7c7c8-0760-4712-a4a3-afe8494a9255;1813421
27417;53112eef-0a4b-4c87-883d-4aa5e0d1e3c3;1798984
27371;5984dcc0-d546-4b7a-a655-afda76363b08;1786568
27357;31d4d9f2-c0bf-4d79-ba7c-a42dfdd60200;1782712
27351;c4062006-5a9c-4a9a-9479-fbbaa35cdfdc;
27319;1cf91a89-e9f5-4ea5-8fae-4ffe134c8566;1782803
27253;85ef4c74-312f-4c30-8a25-97952c1f8ed0;
27237;56c2e766-0a5a-44ce-bd58-ecaaf1b886b7;1815949
27235;a061b474-96eb-4732-ae75-346d2d314985;1796334
27215;e4e3487b-76e0-489d-b7d0-8a5074a9f5f5;
27205;eace5edd-b7bb-42cb-bccc-fa75bc141850;1415566
27203;bee5b0fc-08d1-46bc-a606-4128799bef51;1781680
27201;bee5b0fc-08d1-46bc-a606-4128799bef51;1781680
27183;2c4046c1-8937-44c4-941c-f7d703ac58e2;1784713
27173;09016136-0558-45e5-8aeb-2d1ef36f1d6c;1781385
27171;92072738-1e3f-4da3-a8d1-0d3c902823fd;1782122
27145;2238af75-893e-45ae-a69a-42bc899478ce;1781255
27115;baa70b23-ab61-4187-8ff9-0a4873c2d7f8;1170702
27099;522a1fe7-4d54-4fd8-a0aa-b5497c25ccbf;1781419
27081;4c90afce-4779-4e41-9bee-e52f781803c4;1780765
27061;f7d51dd9-c79c-4c0e-9c84-55e172ad743c;1783863
27049;b38dcb7d-4eeb-437b-b5c9-f50c12382f19;1887776
27039;617ebe87-4dc8-4573-9819-fc83ae031a69;1522694
27037;eddf7bec-0bbb-4669-9e35-7037ea16b560;1788824
27031;ab678efb-ca20-45a6-bc38-5dfdec8e831b;1831888
27017;56801de9-b963-44de-8aca-b5a05d216c15;1784450
26961;972167da-7049-47e6-9494-e90057c838a8;1785185
26937;8fd199b0-8798-4284-b5de-3f66a56a61c9;1864090
26923;9ffde06b-dff1-42e9-ac7e-e399bb18ef7a;
26919;09a6c25e-e011-4495-87ce-8cca0001154c;
26915;14898f81-672b-4ab5-9fb3-e3721db5534b;1781200
26901;2679d0b1-715e-49f5-972b-1c5ac70981a0;1780720
26895;d2c16994-b85d-43bc-acc6-42fa822828a0;
26875;23d70031-e0ad-4627-8707-8fa554f41976;1777881
26869;08c093c6-5816-42e4-8f46-a5e85f9a1348;1807358
26863;4299266c-4226-48fd-927e-6f852cd8de4d;
26851;e4e3487b-76e0-489d-b7d0-8a5074a9f5f5;
26839;f7f2bb33-b374-4f13-b831-2c7e4197914c;
26833;f7ed57d2-5c96-4db1-8dba-39bc4d7fa74d;
26823;2a0b4a67-20f3-41cc-9547-ddcb91b859e3;1770273
26817;7d1d84f9-aafe-4736-a296-ca60e39bc24f;1554148
26809;940f84d4-5e12-4905-b641-0c18edabfc26;1777655
26779;d7774717-3202-4a93-9815-2b8cc85ba026;
26773;0a6f83a6-70dc-47ab-83a8-74642ee6cca0;1769680
26767;b26c7871-87e2-4b01-af4e-30accfc075ba;1780122
26751;c190175c-a773-44b8-b4b1-7772f9a6f0da;1811699
26731;584f344f-e962-4c60-913f-0cd04257c2be;
26727;4034463b-addf-4c14-92d3-337744a21fec;1777582
26691;5d20bc6e-3f28-49c4-93cd-a8871a9abaa6;1768420
26681;220f2b79-1727-4bd7-b97c-c8f8a1a28122;
26657;4da99e15-5f67-4ceb-b30e-14fedbc19797;1769809
26639;23df44dc-f99e-4da5-87f5-66c6cf63d5d7;1768300
26625;05aa0ba9-a238-400e-a3a8-3bfbf7b19445;1803003
26609;4db9c4c2-4edb-45dd-923a-8db5ed6686f4;1813553
26605;b6e92906-b0c6-40c8-9aeb-c2f6679afe44;1894484
26603;8a07bde9-f6b1-4d9f-a599-0cf771c6dc25;
26601;110b2d99-9c02-4adc-aab1-436fde359dc7;1867552
26597;c1e2caa7-88c6-4904-b1d8-c4dbf00cd672;1805866
26587;faba7994-2f0a-4875-a39f-e8bf0b8ea56f;1766574
26561;e7a47a14-1530-49d2-ba31-8233e4fdc3bf;
26557;6213dafe-8de4-4038-a097-473280143688;
26553;dd675cd7-a055-44b1-bbf1-b8e6232061b7;1767909
26549;e2632622-d9fa-44e1-bcf6-3969a7b19ec4;1767911
26535;92c11523-01d3-4283-bb28-5e38b0830b0f;1797739
26529;11dc9263-7321-4c93-bae0-e29c2d78877e;2000822
26513;31814217-355e-41cd-992b-451759984464;1768429
26507;a3608651-dc77-4102-acc6-84ae5c0d8045;1891092
26505;ccc1dd7a-98cb-473b-8b98-e0ad166624b4;1767051
26503;fa3a5370-9963-496b-9e6b-edd4d5d4be75;1766828
26495;0aa91ee8-4969-4846-a1bd-19d0bbcd2b12;1767371
26485;ec7aadcc-12d1-46e5-9738-37c6f59456e1;1767354
26479;af058dec-851a-4698-a3e1-1aee5d552f3f;2005545
26477;352b90be-ede1-43ff-a584-cf989f7e49b5;1767355
26457;ae9938eb-4dcb-4fe3-8d98-76822aa118d0;
26437;bb973139-adcd-4290-8664-b4b2c5c91e38;1766288
26367;f3b39c15-e18b-4d10-83ab-c87460968f7f;1922276
26357;72456bb5-9538-4a96-9db0-b5e3dc070f4b;1777869
26345;c41746ba-d7aa-405a-85db-11660f02d17d;1817292
26331;711fd182-3a8d-4dec-a209-6c3679b5ebc8;1757937
26313;58f8f763-7d82-4918-8ba3-c68355d9cd06;1792965
26303;80f8517e-eaf9-45b9-869b-9c6661173ffc;
26297;8bb57a80-cc25-403f-b47f-cdb9a515d549;1854914
26295;d29d166e-8318-46ec-91e8-8d14f2ca6fc6;1910614
26291;6ede7b7b-a6ef-4042-bc10-50124e4d553d;1903295
26289;6c606b2f-ef11-4e0d-8959-3c610307b25c;
26277;d4df7510-38e7-46c2-8466-c3b50c4a8e97;
26259;882e0a39-d49c-4f98-8c39-af8631c641ae;1763632
26247;a76336a7-bcfc-4513-860f-aaffdb260fb2;1171083
26217;565696f4-dc24-46b1-b08f-db85a100e447;1766312
26213;d859a5c3-81ec-4635-8a74-97b6a6b04682;1762961
26201;07c46e86-0560-405d-a66a-741335b4217a;2015282
26199;b5d1c2ee-5079-4efb-9221-427f1834d1d3;1763541
26197;402058e1-09ee-4010-9aac-7e67b9a8cd23;1815891
26167;1edb0456-8ebf-4d65-8c27-868348dacdfd;
26163;d28e3d63-702d-40f3-95e6-6dc6e24996a9;1784886
26159;afdbe60c-ef71-4714-85ca-2cbbc2d13e75;
26157;7205b9db-9322-4d60-80bb-20bef61c0e54;1762822
26153;a28b0cd3-8c53-413b-8e0d-77e802817dd8;
26149;5b67d4b9-41a7-4a9c-8fd7-d41314699f20;1762810
26131;fdf5b32a-8f5c-45cd-aae1-18f635e95e07;
26123;a6f0d12c-6083-47de-afe3-044e688136b8;
26109;fa5cac72-b07a-489a-a445-71687a437f51;
26107;6a1de3d9-484a-4340-957f-26a5093a1c92;2014176
26057;fe279cbe-fe8c-4df4-b1bc-59d35ceb7cb2;
26049;1513205e-d0b6-40c4-bdf8-8808dbf3b950;
26045;d5902bed-0b58-40be-b832-01d0c768c9a7;
26043;f8152bde-c96c-4c75-903b-91f040119b50;
26025;4b01011b-fe49-4c9c-861b-2956069a9683;
26021;6d56da15-f0f8-4896-b888-2f7ffeb87aa9;1848305
26019;405ea9a0-8d4a-45e4-8f01-18da199cfb6e;1815931
26005;9033a89d-638e-42cf-b7e1-193e29978893;1760532
25999;93e69e33-8e39-48b6-a932-735d21840ebd;1881640
25991;d0f1ea01-60c4-4675-bbc7-babb42bfe2fe;1760526
25989;779423cc-8c27-478b-97b7-a410226ea1a3;1759807
25987;7fb16b1d-e231-4ddb-8408-1444899e6b03;
25961;9e137597-79e3-4b7a-854f-63467dd287e8;1759702
25947;f555c44e-3a31-4f15-94ee-af4447657d1d;1759850
25945;8c9ab00f-84b5-4312-ad80-1595b07c79e8;1734997
25899;f3b36712-eff8-4e6a-93d9-5f373747c27b;
25883;bf884cf6-205c-41b3-85dd-27e3174150c1;1784312
25879;9b5aac16-4090-487e-9afc-9543e96d45b9;1783923
25877;d85353b9-9a97-4963-b80e-6af854c0ab9c;1769406
25875;30733194-c5be-41ec-a9d2-20b479b510e2;
25849;e1984511-ed75-468f-a5b9-33d1e89a34ad;1770218
25827;0c95fdbe-9840-487f-9b5c-58b6784c77ed;1762833
25801;b177486a-2505-467a-a9dd-d4a0bd7fade8;1757210
25787;716f5449-8fd3-460e-b2be-7797363c721e;1999673
25769;cd791782-5990-4f14-85fb-31b7eb05b5bf;1759246
25761;7a5826a4-0219-4027-80c6-e7ea5267a486;1756122
25723;a9415ab5-7771-49df-9871-4980c6f0e1bb;
25711;54a3c572-6564-4e6f-b879-aba9fe4f6f8b;1756147
25705;1115ed01-887c-4886-aa9b-33fe0ffdfc32;1756876
25681;d757eed4-aed9-4040-9e31-0a3d8986021b;1754770
25663;9c05d8a9-1ed8-45e8-9b45-29eb85a7796e;1755186
25617;0672ce1f-67fb-4c36-a44b-a8da866a1ba4;2000823
25595;d566d9b8-b554-4a00-bf24-b0a3ade52a60;1759196
25575;dc730a56-c9ce-4984-b0da-c0400f8c2554;1754146
25563;5ca8de84-0ec8-4bea-bd52-8e48a767717f;1885787
25557;bda2c994-8456-47bc-a2e6-bc490e4fadb7;
25467;628f8a7a-6c5f-41ac-be72-dac83308f9e7;1998472
25453;0a46eb92-c0e0-4403-97c5-5710cdb1af23;
25447;745eac6b-d160-4128-a8e3-5b5e48de57df;2000884
25435;d6d18350-cbbb-4257-8baf-b0e6061262a2;1781823
25385;dafe42e3-fd5d-4265-bb4c-923c34898110;1782725
25363;b0027de1-45ee-4053-8796-7d031bae6a7a;1762833
25257;7ed4b100-2f0d-4ca0-bc06-725a87247ad4;1766536
25251;ea37ef05-eb1b-4f12-9bea-1d3d14d6ef40;1752617
25223;0cd0b402-70cf-4b80-b8c2-209b8933006d;
25215;70a4cca2-7879-47e1-92fd-4af99d206f4e;1889903
25189;83c6c242-4e71-49c3-9a13-05d66fe9fce5;1750635
25187;a81bfe46-c9b2-4b3e-a296-8c6471c36137;
25153;e4e3487b-76e0-489d-b7d0-8a5074a9f5f5;
25149;d6736f32-34e3-4cc2-8856-4952c2f2da2d;1750300
25131;ce502670-bf83-41c1-8f25-1686a2b83714;1749423
25129;e7e0deea-1e92-410b-b344-e9cf8b10c0bb;1764667
25127;81c25135-57f4-4d2f-a2ae-a84a1ccab684;1753917
25097;12c01ace-29af-4e7e-b185-00e260e4a42a;
25073;52c23885-7bd4-4daf-8f2d-baa399c831f8;
25011;52f03307-38cc-4d99-9425-59975e62595b;1797895
24985;1b36de34-be4e-4f10-b1a0-5cd82391cbd8;1746609
24979;4e4f30d1-ffae-48a3-bbf4-5e6ba1e2aee8;
24955;46a0dea1-fd91-4a3a-8b0f-b2e436b2af0d;
24953;f0ad1fc1-059f-49c4-a392-e68f21dd5fe2;1746059
24949;766a48dd-1c8e-46d1-9b65-7dbaa2b6832b;1852817
24945;0e9e607a-a6f9-4963-8aef-68a782ecd74a;1793532
24941;c166e93d-d5ab-4be8-b447-cb4ba5ae709e;1746648
24925;6ddfedc4-e95b-41ae-9ba5-4d44d2c6862c;1746035
24923;811bf4d5-858c-407b-8a0c-86db7b14ee30;1745092
24915;aed27b0d-e006-40bf-a807-b89d9060f0c0;
24909;2821be9b-83c4-4518-b48a-e85ffe89e4c3;
24903;7ceae6e7-7109-4693-90e9-98286ba64570;1797451
24899;ef2b2c66-78b0-4aab-8f8c-58629e656d03;1746048
24897;3fe69485-9fcc-43a5-b230-f9d9c21a40be;
24895;83564af2-bc1e-4b65-9772-21978ab9c6f2;
24889;597f5837-6c43-434b-8e9a-736e6bbe0d41;1737224
24887;03ff7e0a-4714-4e05-86b0-f4987c032827;1988134
24871;ccc1dd7a-98cb-473b-8b98-e0ad166624b4;1767051
24855;6eb24dc8-6c20-4ff1-b336-c8ebaa7bcc3f;1969358
24795;6bb8108e-6b7c-49b4-8ecd-c4192d9e1a2b;1883329
24769;9fcf7295-3dbc-4b13-a0b8-53690948b115;1743486
24763;0e3a6c2e-1cce-4668-ba2f-e14c8a557e4b;
24747;4bc07134-4a53-4b01-881a-819b363bb92a;1801190
24741;43592791-122c-490f-a961-02ee9f112da7;1167828
24703;1bb07f67-5eec-4e9e-9324-7b5c68cfe7a6;1743308
24697;17ebb8e0-6543-49c7-a9e7-bbd59bae1e0c;1743300
24695;4f47b501-1799-4a7b-90e9-ce04c7b5a918;
24691;2a162f3d-d81e-4e9e-8865-5448a12ab1bc;
24689;dc37f578-01e1-4790-9a21-17f06e9c0c31;1813609
24657;4ccd7b5e-5649-4ace-ac98-6be029058f95;1748543
24621;7919ba81-1846-47e0-8202-4409149ef574;1911885
24619;b5220748-3cec-48a0-9dc9-c3bdf6f552c1;1754128
24617;d0b4e92b-c2bd-416f-b191-625ad8ba423c;1754127
24615;3192f8ca-9d96-400c-a4a9-30be341027b6;1754122
24535;22415383-d345-43bc-ad65-091940ade3f6;1763447
24511;cada1f75-f505-484f-93ae-7c26e064daef;1749163
24469;a716a188-f351-419d-b8a1-244cb6e3e471;
24467;3d36d1ff-5aa4-4ac1-9e4b-10d12dda1b65;1906693
24463;68187b48-caf0-46dc-a383-fea4fe70e5d6;1748635
24447;cbbc23d3-96c5-48b9-9eff-2b6942a54a43;1741240
24443;7ea760c3-2bbb-4da6-89a8-ded6987266c2;1959274
24441;d4df7510-38e7-46c2-8466-c3b50c4a8e97;
24435;840943b6-909e-4ef8-bd95-bc3b4134b5c1;
24425;5daeca7d-5278-47eb-bdef-bdac1c0b1ef0;1740464
24421;373e3125-c794-417e-bd8e-bf70f8472496;1741294
24417;185553f1-2717-4356-a1ea-7a9811a735da;1740262
24409;7d4b973f-ff63-43a5-9b11-55a1a5e5befd;
24405;7a49ca8f-0bf2-466d-bd0b-6408be666696;1744799
24403;2815de30-e2a5-4b1a-b529-17ad9df885b0;
24395;49856543-8811-46e6-b562-5423bc56710b;
24389;de2b658d-ee8b-4c9f-84a1-1744e59dd36b;
24387;7a23977f-05bf-4e54-972d-1c16e9902d97;
24333;478e0fc6-156d-46d9-9e9c-22c6b210e8cb;1740274
24323;7b0ff9b7-87a5-4a8b-a490-ce633f1a1a28;1740152
24319;5c657d77-568a-4436-9c14-b941661ba582;1740143
24317;899006d7-4873-438b-9804-d9808db87708;1743284
24167;b234695a-2385-4c51-8024-ce2792e69001;1965818
24137;faddcebe-f08d-4bca-aaf7-d33c0e670b71;
24035;35e9991a-0860-42d8-aacd-79403fcd38ff;1740150
24011;b6e92906-b0c6-40c8-9aeb-c2f6679afe44;1894484
23991;ef9b90b3-f890-49fa-8a0f-9d8a8679db9a;1802103
23961;d182cf94-8083-464f-aadf-104ef728219c;
23957;42e51be0-c904-4335-9171-2b039ecb5e5c;
23947;82487665-fff3-4953-a026-81c62fce7652;1739028
23945;eed70616-51d9-470d-a0b2-4af3ddf40095;1756931
23943;9ccf1dbd-e3eb-494b-b435-bccbc8594fff;
23941;3b30035f-effb-49e3-b87d-2f37388d4d34;1738992
23917;7af09f06-606e-4f28-9eda-7e6fd94af5db;
23915;dc271a28-e9a9-41d3-a974-0886025fa08b;1739006
23909;231e18f0-50df-4db6-af21-2e2985aaa189;
23899;142a1d7b-bb22-4f68-a2d2-793328b1762b;1931309
23889;fac9ec6e-0606-4c6d-b765-eea47794ec3c;1738537
23865;0353b2d2-d3d8-41be-895a-d792682d55e3;1942109
23859;98dd9fb4-0051-4929-9a8a-7a3b1df98917;1978183
23857;6b000a44-f886-462c-8e5f-56df2985082e;
23841;17f4d2f1-3630-4517-a8ec-d47068a5f926;
23837;8f52152b-83c3-483e-b262-e45a5c01f6e1;1850914
23833;27ef9863-02bc-45e3-8b64-17e963b05ec0;
23831;fd13e96d-70db-42ae-895a-500da4d1a32b;
23829;4cfac7eb-4240-419a-9f49-bf46cf6e34de;1736612
23809;e0bbac65-3ca8-4050-a660-5b6ccf6ba7c9;1891408
23767;fe279cbe-fe8c-4df4-b1bc-59d35ceb7cb2;
23765;d51b7c44-0397-48a1-8876-0e98fc44edde;
23751;57bb6951-4863-49d8-8ad6-3b7d2f19324b;1739399
23743;b5f6907d-ba8f-45ae-b34e-603e8e53109b;2000786
23727;96020729-f377-4f9b-bc7b-af783bf4ed47;1733826
23697;63aab90e-5ed7-4e83-8036-73837aaf7e09;1732548
23671;51296771-dadf-4542-b56d-25dfcd9fd97d;
23667;27b58694-64e3-496a-855d-eeb6d41c76b9;
23663;53cafa3d-1928-4c00-8b37-e1aa1f9d2dab;1954025
23659;872883ee-2ea8-498b-9171-cf115d2db66a;1732216
23625;fd665c5e-504e-4730-8dfe-4559ba7f4783;
23617;371438fa-6be5-474e-8c31-aeb826aa4cac;1732079
23603;d25ab440-47af-4652-be17-6b73a97eab1b;
23601;f56e6f15-8063-445c-9a67-1967364c468f;1734402
23595;58946edc-aa05-425a-8ccc-b595d096afd4;
23589;0302faa3-b31a-4b46-8522-179cbadaacdf;1730191
23563;691be78a-a2c2-4118-874b-b97fae673d5f;1894735
23559;3bd342b0-cd88-48b9-b244-ac743f6936ce;1729012
23539;a125b953-47d4-4b6d-ae3b-68f8bec75ce1;1729168
23535;f7ee5152-6983-4c14-ab08-10b7c2eeeb38;1728908
23529;aad8eabe-00a0-44df-abed-d6459310edf8;1851652
23473;7e49550f-43fc-43b8-ae3d-71c6b105079a;
23437;da97b710-ebc3-4b4b-826b-c849117b6b6e;1726469
23435;77bcaf82-db57-4eb6-9bad-7e6dce1a7148;1791485
23431;f33de8ac-4ae1-4955-9c78-cf8954c5c980;1730339
23405;2dca791e-1832-44c1-8fc4-c6cee18c7687;1992348
23397;cd5ec45f-9105-43db-b04b-3a402927ae61;2009071
23395;133601a5-ef58-452e-98cc-0016fc51a34e;1724598
23389;4f47b501-1799-4a7b-90e9-ce04c7b5a918;
23359;8d5018ef-be64-4957-9a8b-7a2d5e643b35;1722086
23329;37611a48-f892-44c0-aedd-0766b9302f46;
23327;99ccf32f-2f6e-4c9d-a9d7-55bbda153424;1781369
23323;5984526a-c5ad-4784-9853-0f0aba4cd473;1721990
23321;bef16016-ac3d-4de3-87e3-0712aa76cb56;1233740
23319;4c90d5ce-3fee-4126-be2f-647d5496893e;1721995
23283;3c83c2ad-c101-4cb2-ad7e-f931945d5675;1794255
23251;b3a5d4fd-5a45-4764-90a8-320fc7ac81bd;
23247;6d2cb0da-3f88-451d-85a9-5d55bb21438a;1720795
23245;f23ef651-f9da-449e-b237-59d420e80773;1846221
23243;64e1fa8c-16b8-4d09-993e-07b7d6620256;1991664
23239;28dfc323-540a-41b3-b6ae-05027f51309c;
23233;6a7225c5-94c9-47a3-929d-2f32160501a6;1782785
23209;056978ee-f829-4db2-a8ab-01629f31e62c;1716413
23205;f219b209-fcdc-4268-af7b-3f50f57c9d08;1718922
23201;db506bc4-2594-44b4-8fe1-04ac632e104e;1719102
23191;55421369-e1b5-40ce-a223-17a7cf40bf22;
23189;41895130-7044-4285-970b-46eca276531f;
23187;12e15be1-e23c-405e-94cd-819c0e3d5513;
23185;6509a968-a51c-47ce-be06-c72c9612d91a;
23183;2740e6f8-faa3-4d2b-8d2a-5f6dfef44fed;
23181;6ded149d-3b4d-41b8-900c-896453ea3ecc;
23179;7b2d38c2-0885-4b48-855c-6f5af7d0da75;
23177;7912e7aa-31f8-4ab6-8ac5-921f77711f55;
23175;bf1871e9-9dcf-4c00-8f99-91f8b9ae7e1e;
23173;57e40022-6f7c-40f5-8a7d-dd955ccd5eac;1783056
23169;77f918c6-dfa7-4583-b73f-ca6e40ec467e;
23167;9395e3ab-0592-4cc2-92b3-1c3ade81c780;1719415
23165;2c7b8797-f51e-419d-96dd-33f163318fa2;
23163;09f20b61-5276-40a8-8d96-7ee0273ae3ca;
23161;61ce65c2-e7e2-4a5d-96aa-f84580668f8e;
23159;a9f9e814-c7af-41e8-9aad-94c87f099266;
23157;fd849fa4-850d-47b9-b7e5-bca07fcb5c4f;
23155;9eaa5ed2-aa9f-4815-a353-64fa22b3a1bf;
23153;c9d90712-56c7-4b33-80e7-9a85e0b6ba49;
23151;9eb4b470-d377-4507-a6fc-c95bc28d77d3;
23149;68d27813-c210-42f3-84f4-226c28bcc3f8;
23147;6d457af7-5974-4a96-bed7-810d6a33536e;
23145;65402f01-008a-49c5-a023-ecbdd6c0cd92;
23143;bd92b26f-cd79-4019-b599-95697114ef3d;
23141;f6234a7f-ab73-45b1-92f6-00c183b995f1;
23139;32ae4690-ece8-4d18-9649-01b94f2a08df;
23137;c49d890d-5e6b-4023-a6b1-b1b3e057c0f1;
23135;fcf4ed6b-ecfa-4a8a-bd6e-2f7a3f77a9fd;
23133;832870a8-e4a4-4238-b133-3039c967af86;
23131;fb24f8a8-a09a-46b5-99b6-e6e9f19e5bcd;1999583
23129;cf16ceb1-f6f5-4d27-b5f6-e98a013c5981;1761031
23127;0d61d55b-1b88-426c-bb14-05528c3b892e;
23125;45e7e7f3-ec93-4b70-8b8b-d30aaed61e61;
23123;832195d6-988a-459a-8cbf-7064c5ca5945;
23121;0b680949-69a9-48d4-98d3-aae386ce2484;
23119;45040dd5-236a-4230-ae00-9f5e707e6d8a;
23117;abddcec1-7d7c-4e97-9cd4-029856355e0a;1716263
23115;8d24d44a-c2c7-46c6-a925-213a843c6b2a;1404646
23111;ab13fc8b-e27b-4969-b811-f48d6a67c96b;
23109;c9be9b15-9f3e-40cb-a283-a1acb102a438;
23107;cc0dc11f-1d0f-497f-bb26-756c5d29907c;
23105;62641fe0-9820-48b2-b944-c318624b18da;
23103;de0ac7c4-3250-441d-b815-46e20890b55a;
23101;effd90b4-9495-41e2-b7ea-a9c5767383de;1712686
23099;4add72a1-4dd8-4397-8a0c-564a601ea8b7;
23097;be816d84-42c2-4dee-9ebb-e0bc40f207d2;
23095;6e5ebde9-a1cc-4e83-beb8-6ee19f2f974c;
23093;8bb7843e-b7e4-4001-94d1-1af58efd4b3c;1718977
23091;9b75ecf9-cfb1-4623-8d90-dae9bd61312f;
23089;e276d6ee-aeec-4948-b0b8-33d51c58f305;
23087;942ef242-635d-4d1a-83b6-00b56be832f4;
23085;c62bfeec-35d9-4731-a259-dcf34e32c1e8;
23083;793fddef-de97-43d4-94d9-c1596df0d2ce;1176218
23081;0fdb0881-51a9-4212-8e3e-b6a558e576f1;
23079;b8bb6871-2f82-45c5-8759-e0776e23d0bd;
23077;3edb64e6-a8fb-41ef-a8df-cbb10d7cda2e;
23075;cedce3f9-ccd9-4e6c-9da8-a3d620959c77;
23073;986935ec-858c-45d0-987f-3c13e436317d;
23071;3c4bd966-1619-49c1-80dd-78d782d89b60;
23069;33ba4c18-a12f-42c9-b7db-f9c390b7f354;
23067;c1b44f97-3ec8-4deb-a747-82b50287c6eb;
23065;16f976a0-6ab1-4638-84aa-0a8e338ab1d8;
23063;d2749818-7037-4dc2-8768-759f29e334cb;
23061;0e38c3c9-28f9-4e93-84d2-c54a78584513;
23059;14200e2c-5855-4da1-a865-c473ae96739a;1842064
23057;d9e9951d-5454-42e3-8cd6-d3d44483158d;
23055;bbc257ca-ea1b-42a1-baf2-f6c528b44ccd;
23053;a01a92ed-a61e-40e6-935d-a40902f8c8f7;
23051;92c27db1-3949-44c3-a94e-97bdacaf4e52;
23049;e93c4595-1b07-4d75-837b-4abb6e0b6874;
23047;14641688-da76-49a6-ae74-388c1fa76abc;
23041;18befa32-ae96-4de3-b3ad-0514f70e2639;
23037;1f41428b-4b49-4933-bd37-06ade667e31b;1358801
23035;dc778377-95be-49c0-a6f3-e86e864726b8;1818561
23033;e4cb0096-6095-43b0-9176-f73857ae13c1;1668477
23029;91686d97-d515-4c01-b0d0-26a22323c50c;
23027;de698a22-8298-49d8-af59-6115b86eb6f0;
23025;6e4904f7-0374-4ed5-9677-18fb59b15314;
23023;e5d2caca-534c-4796-b200-e1d0450fb62a;
23021;04bbc52e-35ec-4193-91b3-3d220ad4e2f1;
23019;fd4482f3-da41-4d57-89e0-6dd866f54d44;
23017;bc6efb70-3a66-40fa-ba67-86ef3a88ef7b;
23015;59439b6b-ffba-4cda-b174-b8b3f3837ce0;1205926
23013;2e7ba46e-92c2-454a-9b39-6bd198802dfd;
23011;dc29db89-6d1a-44eb-97d3-dade052cc433;1257224
23005;445e9ae9-0a4c-4ca3-8a62-bf65a1aac1cc;
23001;b25f4f8a-e10a-431b-8d02-79ff776c99a9;1220180
22999;a4f66a7d-88fc-41b7-8972-dd183aa1450c;
22997;ff94696a-8d8d-444f-b93c-c34b3901ac40;
22995;79e225e8-3b0a-4233-b29c-bb4cc9193b5b;
22993;0df8617e-094d-4b1a-8642-628074c9feb8;1757040
22991;9f678003-e413-4e93-b634-85cfbefba865;
22987;45ae6795-69c6-4c4e-99f5-1d435ae3e974;
22985;5ba9221e-048a-4af9-8a38-aa0b0ff91e22;
22983;9f6a011e-1d2a-4aad-a1e1-997b1e6424de;1805368
22981;47868e80-a264-45fd-89b5-be1378844acb;
22979;7fd476f5-1668-4c28-bd15-7311470492d1;
22977;c05379e9-8a2d-4e85-9d7b-aae33b46887a;1667059
22975;9d13b0cb-5e0d-4f37-92d5-f9c0130e0338;
22973;d02d0eca-1d8a-49e6-af3d-06b75ba748bf;
22971;3b955440-dfba-43d4-9b2a-2ce79292e8ef;1170854
22969;3f253a30-d6ad-448c-9506-97c79f038cab;
22967;287069a2-5b46-4107-9064-8c5e296e01d1;1799526
22965;1a253354-ecec-4f9a-bc1f-c75eb12d4aa8;1691722
22963;345edb66-4362-464a-a112-575d5cff0328;
22961;08da771a-64bb-4c9d-985d-5711e5860e3c;
22959;d250904b-714b-4d28-bbc2-98c373082362;1666931
22957;1a253354-ecec-4f9a-bc1f-c75eb12d4aa8;1691722
22955;37d447d0-63ca-4535-a5d4-87748e8539eb;
22951;aba90290-a228-4c8a-ba1b-dec8b2a3c984;1750379
22949;b788a96c-1643-4a28-a27b-6cbca1e4022a;
22947;00102909-5462-479c-bec7-ffd9ad819edb;
22945;26657283-0c76-4112-8f02-a610a5e92da0;
22943;499b5678-d0c7-4576-a201-6f92fd11b0a0;
22941;713d9a7e-ce94-4fae-9eb7-b28ac6d04e83;1160330
22939;461fb9cb-1866-430a-bafe-4587a10ffba9;
22935;8bbad8a3-c3f5-4f38-aa92-e0eb7f7874a4;
22933;ad3b98f9-c017-40bc-aac6-d58216406efa;
22931;981cf4ee-f8d0-4fb1-9442-c1641fb852d3;1738103
22929;c9bc488d-47ab-4069-b328-97c828dbbfc8;
22927;30d1db1d-fc1d-486c-9dfc-31047d9ffba8;
22923;06c2f2ec-55af-4b72-a91d-75283e49fbae;
22919;6fb62952-e3cf-4923-b8c3-777c3dd4460d;
22917;b15890a8-b51e-4045-a2c1-0006754984f1;
22913;4a854adb-d086-45d3-a4a4-4701c77e79c0;
22909;de35a346-2f4b-458d-974d-244d0dee2482;
22907;456ae814-ca9a-40e3-9c52-0c0d2ec4a83f;
22905;8a6189b3-2c1c-4a6c-a430-20f43ba63ab0;
22901;cbcee482-dc27-408b-9c3e-8de9cfad50db;
22899;09b5a4d3-e2b0-4a19-9c9f-2d9cf553dc89;
22895;f8d73c68-90d3-4636-962b-82af8ccd6b36;1450190
22893;7a5a994f-d1c7-43f0-8a4d-0fbac4fca7fd;
22891;64be3a9b-1321-4904-9118-14c2dd54431e;
22889;7e13dde9-c84f-4893-921b-8343cc60970c;
22887;2beb40d8-54c4-41c5-a8ef-77c676162bc0;
22885;0b8c6ec6-d706-40e4-a0f3-52c4113e251b;1691722
22881;86d22e37-bf63-4f3b-853d-cf5794aa769e;
22879;61d78aaf-7404-43e9-aded-d19a2516521e;1730302
22875;4606ca3a-891c-4155-bb09-1bad5d12f541;1818888
22873;6c02d07c-9e22-41a9-ab6b-16d52da38f2b;
22871;cae71fa8-b91d-4f26-b41f-35a0dd640e48;
22869;959c2681-fa0b-46dd-83b6-ccac9d8fe4e5;
22867;c09bfee0-01e1-4ff2-984a-274e5cb5da4a;
22865;5388f45c-d78f-4ecf-a462-401cc7310133;
22863;d11d2060-d752-49cf-b267-398fe4fd58e4;
22861;a15defdd-050d-4442-a8cf-d014aea20145;
22859;c112cf19-b077-4fb8-abdf-95a6439ae312;1729208
22855;db8bbcd9-c95d-4c22-a226-20b7791c3fa9;
22853;f53fbd0b-a435-4a15-9167-e840de086df6;
22851;709dad6e-3547-453a-81f8-e3bdb1dee643;
22847;8f7a643b-7971-4fb6-8c6d-e74cc035a55e;
22845;a994c03d-c1e1-458f-8e8f-d80bc2fabf96;
22843;c4062006-5a9c-4a9a-9479-fbbaa35cdfdc;
22839;5e3ee074-cefa-418b-836d-296530907a31;1840018
22837;0b11ea9b-d295-4637-bdbd-611f008f3fa3;
22835;1a8d8119-ea83-4f71-91ce-9d1d0518df13;
22833;05402f95-050b-47cf-82c2-3445c4d028e2;
22829;36bfecdd-e854-45b1-88c7-5462d5b9da70;
22827;316a2c40-4c47-44aa-a3d6-f49ce5a5b1b4;
22821;fbd5919b-d566-4e7c-9719-ee2f1544d4d3;
22817;c371ca4a-71cd-40ca-ba18-8f53310e784c;
22815;4fecc49b-d0a2-449c-8e8a-88b2c51a5768;
22813;37834177-3e68-4495-b7d8-ae6a2cccd986;
22811;6c80cdd4-edb1-41b4-9ff4-3174eaf8abe6;
22809;508c56f7-f37f-4c67-8027-f32d533f1096;1741240
22807;f88b4e26-21eb-4346-88d6-ef7b19045465;
22805;08c20ba6-5d25-4821-8152-bdcd484bcd09;
22803;ef77466b-b6a8-4bde-9d85-8ce3a26c58e0;1950178
22801;aae75a70-0c5d-453e-9fb4-05c45d6748e7;
22799;1b486149-0b06-4834-ac3b-cd4b7d8965ce;
22797;f61130aa-f83a-45fd-9516-f5debdfe7db7;
22795;8d5017b8-e8fc-4f09-bd18-ad126a59491c;
22793;4dbad8f0-3ebb-4165-99c3-63119d1e72fc;
22791;a59a1279-21fe-47d7-92cf-abb725152467;
22789;c0bda06a-1a0c-4a62-98a4-b155e4719d59;1705995
22787;72d22e3f-5448-4949-aaf4-dab4cc9aa3b1;
22785;6f4d1723-96c1-4de4-a072-f746cadf2a6f;
22781;d798bd83-4954-4954-8924-aaa20860a576;
22779;e8794504-9e98-4765-8de5-518b1cc3cf84;
22777;f2d49b54-4b3b-470f-8854-f3034b64b148;
22773;d68554eb-4dfb-4698-ba53-7313d9304eef;1565300
22771;f2ed1d3f-7751-4524-8538-be82bff4fc4c;
22769;e5d07959-470c-4ada-9cda-f54fbcf3e4d9;
22767;c80b8884-e7ce-441c-8509-b2a9ea6a8c0d;
22763;db7d995c-a682-4e35-8842-350d5099a594;
22759;5c164e28-6c4e-42bc-bfe4-01441ba69980;
22757;2e49398a-92de-467f-9bd7-3dfea1f7bae7;1683204
22755;2cd1293a-3b71-4a80-b41c-4d75c1a975b1;
22753;4b90a870-09bb-4964-8191-38948e29f448;
22751;b5541a50-cbba-47b8-bc01-f8d93779978c;
22749;80122dc7-291d-4842-aaf6-d03c28a9fc07;
22747;cec921a1-47e7-4dd7-8129-f7027db2d71e;
22745;f0916131-cef0-49fc-99a2-6f48708041f7;
22743;ab5fb5d2-6834-4671-bd17-42944af7085f;
22741;085adfbe-0056-43ff-bd6a-2cac9d1d89c4;
22739;add4fc0b-196c-4d24-87d3-5585566d4441;
22737;fc5aa66d-2e0a-488f-8df4-3662c1b78f61;
22735;3c19f7c7-df2b-480a-b12b-40d0475d3ad5;
22733;e2752f5b-be8b-4c16-ad1f-6f529ebff0c8;
22731;5f449d45-99d9-4bee-a40c-ca5ab5c79d1e;
22729;e5356c30-dc5b-4b26-8df4-61965ec84553;
22727;64e1fa8c-16b8-4d09-993e-07b7d6620256;1991664
22725;36b4c37e-ebee-43bf-bf98-100a0014cedf;
22723;2af63835-7f27-470e-b5fc-f7f769eeef26;
22721;a1c835a6-f663-46b4-ab81-689c011de60c;1205237
22719;80f7c7bb-e368-4559-b952-4a369c3abed9;1251148
22717;7c23cab3-659c-4a3b-9a49-da6c16c8462f;
22715;81ead384-7b2a-4e9f-81c7-ba77d8e13541;
22713;61b677de-73e2-4a98-8c00-6cb7eed88fde;
22711;2f5294dd-2be8-473c-ab5e-88beeb62efa8;1571452
22709;ba7f9fa3-de49-4509-89ef-6b00b89d0b6d;
22707;51e99644-4128-4b62-a392-f7e6d6b9bca7;
22705;1c5c68b5-ea5f-4c72-87c3-ca0376a295f9;
22703;3399a298-3714-48a8-a684-7a264c89f546;
22701;8ca413a1-1dd4-4d5a-955e-7d4340f28328;1696720
22693;d7cc680e-45d8-4c14-bae2-1d401cdf3793;
22687;761aa18c-4b11-4b24-b7e2-e1a8ae951ee7;1843842
22681;0c24d84a-25fd-4fe8-80e0-d1469ce16c52;
22677;b8aa559a-de0d-4ce3-b55e-efe9fa7891e2;
22671;ad641c8b-36cf-46d4-b4fb-7fdd647a27e4;1710644
22657;15ddfb7d-fc45-4840-8e15-a1148ee02fa9;1212714
22655;59a083bc-2dae-4343-90dd-6869962d6999;1713009
22641;7c6e0dad-19e8-4d69-9a38-d29a73e3267c;1709585
22639;932ee2d6-577a-4fd0-b346-d7ce6197a318;1742121
22627;fdaabbdd-e5f5-4342-8eca-b4057b179087;1736608
22617;0da205f1-bc02-41c6-94bd-4b3fb195d2c7;1724884
22615;391ce8bb-f0e8-4428-8968-4b6832b1521a;1731018
22607;7476a973-35f8-4ad4-809e-9860a3635492;1740156
22603;42e51be0-c904-4335-9171-2b039ecb5e5c;
22581;c5dc1219-1a71-4f66-bdae-e1830080685b;1742111
22579;6babdd09-9ec8-465d-91f4-49ef7cd12025;1704479
22569;908530eb-daef-4dff-acd3-44a5db3820cc;
22565;8ef005c9-af37-4785-89d5-a49c74a37a2e;1599197
22563;631ff69f-e83c-4430-b07f-a4e8992fc640;
22561;52e1f93e-ed68-41f0-882c-563d77e629e7;1652775
22555;56b03726-73f6-4752-94c8-bf1459ccb45a;1565575
22553;3b6f8dd5-15d9-48ed-a4ae-39b1e696ef79;1879066
22551;dd0194f2-1f6f-444a-95af-0f148b3667ae;
22549;9db230a2-9455-4fd2-a1c0-fb79363551a9;
22547;24b6434d-e2c4-4668-8120-8e430ba34dda;
22533;0f04e03a-3a54-4124-bd2c-5a0f36f024a7;1610698
22531;b5daeac4-4746-468d-8c7a-cafc368cc6b5;
22527;3e613a22-1d70-4aed-b29c-ab48497b2a86;1604572
22521;b357789d-cf2e-4a78-b543-6e84f7fab18f;1604589
22519;035e943a-9d78-43cc-9917-33b5f49fcc1e;1878131
22517;c9eac0d5-e421-4c01-b5fb-55616926dcd0;
22515;8a064ee9-40d3-4f79-8d8c-4316259b0d26;1604554
22513;94cdfc7a-4121-4858-986c-c32080de0106;1222783
22511;84e5ab75-bf1d-4442-9480-e82a4f7bf5b5;
22503;ef3d942b-0097-4f37-97a5-6477da92daa0;1632940
22497;b02fa3a4-64e6-43de-81b7-8374e94f90b9;1700165
22473;57631ad7-d759-43d2-a448-1268cd5c1a5c;
22469;93d543cd-f60b-46a9-902d-d0ec374c1c7f;1606750
22467;45be3582-59a3-4b8f-a400-01419a39199a;1617723
22463;f629d5e0-f553-41ac-b6d9-58360d4e4304;1661050
22461;31d9e638-73b8-404b-839b-850ab889e468;1624827
22459;a4e44440-5566-4281-b9cc-78780ba66f46;1628202
22457;9eb354cc-9ef8-4a83-9e27-ac5c38a44ced;1657617
22455;177d1c6a-f83c-46d9-b924-0606019b4a96;2003203
22451;e01a49ac-2059-4ab7-903d-ff8c720bb89d;1843077
22449;a39eb8ba-fc72-4be4-beaf-61a32e18bf3f;1699125
22419;8ca413a1-1dd4-4d5a-955e-7d4340f28328;
22413;e335736e-d620-4769-af19-c6e9a5c7e5ff;1895442
22411;327de77a-a655-46dd-bfda-d28c9d66ddb2;1633114
22409;8acb8168-7453-46b0-bd2d-a786a5c1ebfa;1757877
22407;cb0b5ca2-d425-4b9b-96e3-df2ea8aa31f0;1802229
22405;c1045a9e-0abe-4ed2-aded-1da995ac9a82;
22401;64986b10-9d36-4900-ac07-1f8ae2ae838f;1740474
22399;ad5d1ae6-41ce-4587-b615-a34ccfb2f35f;
22397;965ac4db-88f9-4593-969f-c4c7705ce88a;
22395;496cb39d-5432-4b74-a5d5-882019fd0720;1652867
22387;0a1081d9-fce4-4d9c-8153-a3cf4e64655f;
22385;79bfa0e2-5114-4570-8e63-baaeefc20004;
22383;1b8871ed-776f-497e-8b49-d6592d13f329;1247950
22381;d6a18d7a-267d-4956-9683-16c52048e8f1;1328616
22379;5d1d2d3f-1072-4551-982e-d05900bed120;1757936
22377;eec8486d-61a7-49b8-9482-7a55c5163289;
22375;8fb6ee4a-02ca-4295-aa93-4078029c8844;
22373;d30bc6b5-26b0-4afd-a815-6eb5c4be1ae9;
22371;747dd935-a9ff-408d-96ab-07668c82c9ca;
22367;a2f8b641-3cfb-4f13-bf86-03c4b64d7c47;
22365;c76b0491-d495-4836-8337-8a9e888fee91;
22363;f8c1671d-ac02-46d2-8501-33e801282249;1541940
22361;e8e1f4ef-fb61-43de-9a03-e50e633b8d2f;1712997
22359;e0665872-43d8-4760-b2f4-c1db36c8b8f0;1202632
22357;c596539f-31e3-4faa-9403-3a8810e3f94a;
22355;31061627-8efc-4d48-bd30-7ed443a824d2;1168732
22343;b5d97d68-dd4b-4fa7-8096-878e9a4da2f8;1691866
22339;7473e24f-b9d4-4910-8b40-db575f6b562c;
22337;cda415e8-a1d9-4bc0-a9fd-1e544b7f5abb;
22335;73077a1b-c422-483d-986e-4094081e2d1b;
22333;88f85efe-b945-4e99-9319-8fc4900becb8;1798162
22331;7adf3f55-c867-4bea-9cad-38896cd304e4;1168509
22329;ded0ab16-60f1-4fa3-a32f-ab9fde4b8462;1228935
22327;0eb24a50-e5be-4c78-9b52-e8e20868740f;1794801
22325;8b8f1005-c957-43d9-8315-1ec5a73b3f36;1156081
22323;31ff930c-ca3f-4789-8c42-9373fe19952b;
22321;9d8e7e6c-e36e-4226-8ab4-7e304cff2c63;1169776
22319;9752b584-89e9-4160-ae02-9604b232c0a8;
22315;c61d36c8-7d01-4c1b-aa79-63405d60f1de;1689113
22313;23d33a4d-5d39-4d05-8712-f4dd4665a58c;1179289
22307;56267cf2-0b8c-4424-865b-30e5db9fe56e;1745004
22301;6feb5f29-7319-4e1f-8a0c-10b48b9e19c0;1688923
22297;15dd9f9c-1ce8-4e36-a0b3-e813fd226d21;1698720
22285;06604596-3897-41e2-b6ef-dc98e9662f33;1689107
22283;290f83e2-93e2-4780-a6f0-7930891f2203;1691737
22275;6565c0c2-7d76-4f0f-b147-93018e1e4235;1687604
22273;4074be20-e61e-4cd6-a04c-736e2710cee2;
22267;088dda9f-5206-4eba-a951-d07999ff43cc;1754146
22261;e06b114b-0581-4c50-9016-25ef3b0be118;
22259;0705cda4-69d8-4b24-a295-40eb70561d6f;
22257;b9982010-48ca-4efc-a9d8-6ba18043d67f;1688428
22249;d7b9f22c-abfb-45c8-aee6-c4b5df6f4a52;
22215;39dc2061-97ff-4111-8aa0-dc4a3b3abd07;1687597
22207;8b20316f-5421-45be-966e-8dcb1dae971a;
22205;413aefc4-f2f1-4654-b990-9062740fe3ea;1913780
22203;5cea6b82-f9de-4d59-bfd4-26f32c9936e7;1686137
22201;3e349111-3a24-421e-a964-10de3c2f9904;
22199;c2f2b528-10db-46b7-8a0d-491312e42a40;1499655
22197;69421dd0-2f95-49fe-85c5-23cc11a06fdf;1894507
22193;e5c04b99-a323-4778-bf36-f4afcbc661e8;1238236
22191;c436a16a-a31d-4331-8fbe-0b885b3ac9d9;1683757
22189;90c07a61-98af-4f4d-81e9-737ea642d41a;1757920
22187;47c3f03c-1033-4853-b7ed-ec83f95a6569;
22185;99d941ad-7e19-4655-9098-136a6a7f91c3;1189732
22183;598bd3a0-8ca1-4a8a-8b18-48e4def254d4;1759423
22181;2ca192bb-531d-44ed-90f3-453c984fc2a1;1683554
22179;9b137a4c-035c-49c2-88df-e9508a1d297e;1505477
22177;a2372f8c-a07f-41f1-9eda-458e892b2d91;1298100
22173;c5b7d6c5-80a7-4e64-9b04-5d7b30670536;
22171;29506bc5-5638-41b6-aff8-dab56b5081e0;1514129
22169;39037d69-d95b-40c9-9207-a2b275cac4f4;1296480
22167;1ed5ac5f-c9d8-47fb-badc-7eb6fb8c6b1f;1757930
22165;adbaa4aa-4b16-435a-9e67-c4587d317c99;1251124
22163;bcd94cd8-f4ae-44f2-a028-54feb8c5681f;1252330
22161;9f6a35d3-4d7c-45c7-88ce-402ef07ea271;1681239
22159;da0a2626-ab3e-410d-9e6f-27efc66a5b5e;1683323
22143;775d989c-24b6-4d0a-a8c8-8a22ae2ba542;1707336
22139;990cd7a3-052b-4f33-9b24-395d1226ad3f;
22133;6feb5f29-7319-4e1f-8a0c-10b48b9e19c0;1688923
22125;1575aef3-d647-49df-a771-e6170652bd02;1685903
22103;63863fdb-c515-4bdd-abb0-5469e9014068;1686024
22099;8ca9ce27-0377-4c69-8aa4-310dfaac797f;
22095;a4f40067-714b-4efa-a603-fc0772b7c414;1581911
22093;22d23fa9-4005-4836-9a9f-2f1d613cb6dd;1763617
22055;4606ca3a-891c-4155-bb09-1bad5d12f541;1818888
21997;e65874e6-a782-497e-9e30-63dd1dcb1081;1656026
21943;2d128338-34f4-4cfb-aca3-d702eca6e722;1898288
21929;cc0baffe-fe2d-44c4-81ed-df89152145de;1754124
21923;cd3c5891-1b09-48db-be86-7bd0b79498ad;
21891;1bab287e-a2c5-44ff-987c-c403f9bf6cf0;
21889;e1fe845b-85cd-4d0b-b666-8a19d98016e1;1683388
21873;1070407f-1352-4c6b-83cc-eac294577f11;1791733
21865;35e9991a-0860-42d8-aacd-79403fcd38ff;1740150
21849;2d785b75-71a2-4ea1-83f7-d5f5cd897664;1723843
21833;dd6b3eff-7919-49c6-ad4a-c02791508e64;1687639
21821;d630a18a-442f-4fad-a6b4-14448a7e4c96;1670212
21811;204a62a5-0937-405f-8c8f-ab35858c15fa;1668215
21809;a48add60-000c-4a40-af69-484ec56ff154;1732525
21797;cb44b5b4-10fe-4ccf-97a6-7c68986a18af;1666843
21795;df54b42c-8f05-4b85-a59c-389971675b58;1942768
21793;01c037d9-b6cc-405c-a3a5-305042634356;1695280
21787;978572b1-bd47-4a29-8100-dc3a778ec0c7;1998627
21785;e1b10efd-1b80-4837-bbd0-a18da26033b6;
21731;d4a683e5-0dc5-4d83-a978-8bc10476c281;1798613
21715;c7b8b821-958c-4ed2-bc1d-937409a11e8a;
21713;ece370a1-760b-4d58-a733-f57051b17dc3;1710180
21707;c61308df-80c5-41f9-99f5-040737d906f6;1663416
21701;1a2aa402-cc61-4f0e-89d6-4898da9f03a7;1998482
21699;6bd94767-4216-451e-9643-be6fc0e8c7da;1672509
21697;74394268-269c-42f4-bdae-072b07d46f35;1668680
21675;524392a5-c729-42e1-a687-2b1220f5ca87;
21657;87ad4074-da86-4e1e-8e19-1fc5ebb671df;1680971
21655;127416e7-0e05-42fa-bf29-882e51b319d3;1661155
21653;f99a4033-360d-4204-a0c6-56a948bb0f23;
21647;f100eb0e-6397-470b-9362-57e520ab9525;1661408
21645;03f38836-9c00-422d-a35a-75434750b171;1663590
21619;5134b1d6-5e5b-49e6-9b00-b32338df206a;1692603
21617;9b08ee76-f990-4202-9ca6-2ace420f51f3;
21579;978572b1-bd47-4a29-8100-dc3a778ec0c7;1998627
21577;1b57b761-0a2e-4e80-b925-e7e676aff615;1793635
21553;85b3eba6-828c-4026-914c-f8779c7f430c;1683398
21507;de6a4503-afbd-4fc0-b444-95b4f44cdcd9;2004715
21453;e5b02aba-e11e-4923-9388-9d140176314d;1669117
21445;521eb23a-cd0a-4328-9819-5073cbab736c;1656344
21443;2f5a06e1-6e1d-4422-8a39-5688d0733133;1683284
21441;f703a05d-36b5-425a-95ce-91c5dfdea043;1884734
21435;0b9e12fa-37ac-4ed4-a780-0d0780995a92;
21413;1d1074cf-cec6-45be-ad02-eb1293eb9d2e;1654233
21387;e597af83-0ba6-4829-8f0f-7ed72e866638;1652967
21377;208428f5-e788-4212-8180-19616616e657;1653851
21375;496cb39d-5432-4b74-a5d5-882019fd0720;1652867
21371;60932735-66a6-486e-90a5-56c555c36243;1942757
21341;6cfee176-02aa-4b2c-a698-050eb7979201;1654227
21307;26fefdd9-be79-4473-b40f-d116038e4073;
21301;b62f7e7d-d85b-403a-82e1-c332e9387930;1648913
21289;965ac4db-88f9-4593-969f-c4c7705ce88a;1648228
21287;cc18d22a-5d6c-46e3-8b21-7fb95ebf7ace;1769701
21283;4afde3dc-ef04-46ff-bbea-0bed37e4970e;1648292
21269;aaef34ed-a438-4995-a17e-1c36132dcbce;1648253
21245;4653e3f6-3ade-4e9d-a272-041067d1ccbb;1574900
21231;17ffb031-b483-4b32-8695-0035e5c28d16;1988552
21215;dfe11793-ca11-403c-ad09-74b44e51f204;1647236
21193;ad3b0db8-ee55-42c3-a71c-7254c8f1faf9;
21175;bc6fb441-c19d-46c6-ab51-a71dbc087da3;1189994
21149;b4389c69-46ec-4296-9a11-114daf1e8ec5;1989206
21111;8c4c7a4d-7854-49a3-93d1-9febd6b9fe6e;1766996
21099;171a26ef-95ed-4ca9-a890-3566ee45cd66;1599188
21091;cb62df37-f462-405b-8756-d35b92d5ade9;1642829
21081;5735b31e-af72-4576-ab1e-143eb5462570;1670692
21079;b6fe379c-6b0d-4207-b19b-f913db338979;1411184
21061;20ad6475-f2ee-4b4a-9ce5-b14ea1e2ecd5;1646748
21051;1b0c9d37-8070-4ad9-a702-bd03a9109e23;
21043;29873e76-a1ca-4f69-a7f3-550995cfbef1;1642336
21041;de46f5c3-9a57-4daa-9f4d-5406c0c4c2ff;1639960
21009;ebf869d0-83a3-48d2-876e-c611053b2cb5;1768281
20999;0df19553-9476-4b18-9b15-34bdbac87419;
20995;ee2b4459-dbb8-4a00-b652-feb55c6b7c0e;
20991;012651a8-a9b4-4984-899e-30f200b2ac86;1953952
20981;f28ac831-06cb-46d9-9bb5-c9d08497e466;1901186
20967;3b8285c1-9e56-4465-a60a-8cfa82497f1e;
20965;83e0fa4d-73ee-416a-ac0c-8387be0cd955;
20963;32c49937-c879-47cb-bab4-322df05920e2;1639257
20959;1ac82747-5a31-405d-ae45-edd81db38776;1639263
20945;b266277d-fa45-4d78-907f-c0bb049a96aa;
20901;5e8dcfd1-6d7b-439c-9be0-e9abbf984db2;
20891;a0cf66d1-9645-4c5b-9e38-5f6f55385d03;1635112
20885;61bc3340-0107-4e16-b670-dd5bc5e116be;1991745
20875;4820476d-ea86-46ba-9b36-28c698aa20f3;1635082
20871;97a9f0cf-7cde-41f4-a412-c0aa98c5fa03;1683351
20865;33fe05f5-a10d-46cd-a48f-718f489dccc1;
20863;1dde7fcb-1bfd-447a-92cc-b0c6d6c46c76;1634823
20861;44a28e34-e3be-431d-abca-979c41e39a28;1639246
20839;bb14c887-d542-42e4-9362-251a06ce58dc;
20833;bc3e9664-23cb-4744-beb3-93abe7aa2995;
20797;87871f23-e755-43d8-b97b-d32c2f060625;1633331
20795;0e196704-f906-42f8-9109-ee6e2c001b9a;1698841
20785;8a8c19e3-fb50-42a9-b8c8-b2019993367f;1633045
20761;09645517-6cea-4325-bf7d-a8e6e9165a0d;
20743;886378b8-3ed0-443a-ab0d-323a678f40a2;1814940
20701;10b377ca-7fc8-412b-b986-98ce597dbe1c;1491094
20679;7d2b3fca-3102-4ddf-8567-0df5bcb1f733;1632524
20677;6841595f-61f2-46b4-b4ff-513bfec93fd0;1748513
20675;fe32a44d-a950-4493-bf9c-e45ba3c76dea;1816029
20673;e28f792e-c5f6-419e-abd8-1939a1529a89;
20655;91e02c46-3973-4f72-b626-4b695300a9f7;
20621;d89e5ec4-ccfb-4e41-b901-7158f796fd67;1633349
20581;b0ab98b5-6921-4f52-b442-f22cb59bca84;1792343
20579;36523a99-3981-46a0-ad94-37cb9ae9413a;1831961
20537;2a245a3d-919e-4173-ad65-54340b84ed6c;
20527;5103d0fc-64ac-4fa1-9405-9580992883cb;1824328
20523;dd5fcda2-c497-4c0c-b5d4-754144ed582f;1810083
20499;96f315dd-61d4-4703-ba76-2dcb2d001baf;1627993
20477;84feeeba-6c3a-4e08-8380-f50a83d96e51;1633222
20467;6002e002-3436-4b99-9c7b-a651c79a2db9;
20455;87adac75-78fd-4775-90b7-314edae54aa9;1672386
20449;8770c135-8cf8-48d0-99a4-a3312689389d;
20435;a6f7206f-3aae-4d88-8e8c-d41aecfa0119;
20431;563e1c4b-a507-4798-9907-762d5b8fc9a1;1624873
20429;4a3b1f9c-e066-4da4-bf64-66cc96614054;1623206
20423;a6a76fd5-778f-460f-b0c8-1f5ed5558265;1622984
20409;cc5ccfbc-9706-4c93-81b4-cc8007021509;
20393;018ab5b5-e232-4590-bb23-c7a883f790f8;1622389
20391;52edf1f7-bdb0-426d-93f5-f739c2008124;1922573
20365;aa7a5213-b3d5-4b10-85a4-dc309e5c8041;1622925
20333;0f73cec4-a6b0-4afd-9c21-ff89474f3f43;1623086
20315;10f5f90e-0f00-4683-8ac5-69170241499e;1619394
20311;3209ead0-e9b8-4369-8686-55341ed95bc9;1622512
20309;6d0971da-5a9f-4a98-9d11-d7e5d3328e3f;
20303;361f4222-5059-4d08-b09d-58d225aea479;1618071
20297;4c6c0123-1a4f-471f-9f2c-a27bf3671abe;1750684
20295;10009db8-49b3-4b7a-a2c0-1b28261d15cd;
20283;860c3bf5-ff63-4c0d-826e-d64bfbfa4c1a;1618036
20277;5330683d-1b56-4ba0-8fd8-43e092e7480b;1617218
20243;d5d6ece6-1412-4480-8bf2-f57c5e0c4e4c;1710418
20233;de7de7dc-eaf2-4ff0-b6fd-458fcc925411;1617130
20223;c1a43a3a-17f4-4f7d-862f-1d33f8b2c0fd;1747704
20199;25f7fe7b-3552-4c10-8ebb-6cb6da8b83d3;1804842
20197;969f5161-6a9d-48da-afac-ac8dfd55e60c;1615143
20147;d68660a9-3ec6-4d92-8527-111d0f2d46a7;1867499
20141;f75a8d98-8a31-42f2-86d4-7a39e3fdefbc;1686348
20107;7772352e-d3fd-4f1b-91c9-b67762846962;1613960
20079;146aa6a5-183d-47ee-8e44-064de38cb207;1612862
20073;3bedb0cf-d981-421c-9b6a-7c26afd3b32f;1612805
20067;0ea4e50d-c751-4c18-aec4-6ffc25bd8955;1612631
20063;7355f5be-2959-46b5-b1b8-94c7fc09a130;1612578
20061;25e36672-5cd9-4108-bcb2-e68141088860;1612367
20057;34928e31-e786-4326-bca2-a954b006f517;1860160
20055;cfa6362c-070c-450e-8095-bc869521211f;1612337
20049;384e34dc-c902-4875-a87c-43fa601457b9;1612274
20043;4cb43777-6bfe-406e-80c0-809ab1578d2c;
20007;0c301759-02d8-4fa3-ad34-fa79a7597d5d;
20001;a984c008-1240-4b46-acba-78f2da304f1b;1610815
19999;a984c008-1240-4b46-acba-78f2da304f1b;1610815
19967;b3ad9c85-08b4-4af7-87b0-b71d74cba64f;1977686
19925;303e686d-3dae-448c-bac1-94d370b3ade8;1611300
19917;41e23e5e-d180-46a1-93cf-3e126e4fbb70;1614336
19899;869086d9-1058-459d-ae1d-4482d285da24;1974744
19897;652bc2f7-8732-4645-aa0e-41f7171e5c5c;
19893;e65874e6-a782-497e-9e30-63dd1dcb1081;1656026
19877;00a09e98-26a4-4ea4-8bbc-576564092099;1607053
19841;5abd0d75-b2ba-4f6b-8fdb-d8548bdbc160;1606644
19839;81144443-39f4-484a-bf6a-fb10d3a4abf8;
19833;e0720729-1d1a-4eea-81cb-a9285d8530c3;
19827;ba22bcae-e128-48cb-b081-824d8cf33c70;1606399
19793;350c1e25-1db8-43a4-bfd0-06f1541bcb38;
19787;8ddace16-848e-45a1-8dae-5ce55737e0e5;1171803
19755;45be3582-59a3-4b8f-a400-01419a39199a;1617723
19745;3167328b-e731-423a-a752-df4b7dec45f7;1604419
19737;84b1c849-0526-44e3-8279-b795d74d7412;1604452
19665;539ca981-8ceb-45f6-8234-b234bdc5ecb8;1615423
19663;e1e9e717-5930-4557-b728-a4b7df1ec567;1740150
19661;c5ee1056-f36a-4ee5-bd6d-a4483aa14e51;1375591
19645;437e8aaf-3a55-41cb-9251-6ea28fc46b97;
19629;30f0da65-2c34-4344-bd88-129d9af7f71e;
19619;9a9fa6c0-dc2b-44ad-8e9b-0009d7251689;1602908
19597;9769c791-171c-42bc-ad3f-70cf3986e4c4;1723689
19581;b8ee1760-eaab-446e-a814-8ca328dd2349;1713551
19553;9b7297c3-c3cd-4779-b116-d38eeaef2b88;1799535
19533;e2ff7f96-21dd-44b9-9a34-bc293a54808b;2015759
19529;bbfa97d5-a25f-4c88-b25e-831fcd035c6f;1648168
19495;8983d1fc-a9f9-4474-89e1-b56fd603726a;1602313
19467;d33570b0-49c2-40ad-b63d-fd310001f5c9;1602601
19389;f23cc316-6322-44ff-8ab2-b7766d32feab;
19379;a4c558af-61e9-4d36-af45-f12809538db9;1923614
19373;0fa35e4b-b7e6-474a-ae4c-0af11d707307;1686091
19355;4f47b501-1799-4a7b-90e9-ce04c7b5a918;
19345;340413d5-b239-402c-80fe-4b5a63c215dd;1788935
19291;c4971e04-c1df-4309-a339-9956ae6ee2f4;1989543
19259;c1e88eaa-6179-4cf3-bb10-fca6f6adaf59;1599226
19229;9eb127e6-da6b-4813-8275-46e78a76f73d;1599184
19211;3fa35a7c-939e-40e7-8164-3bbc35840274;1599206
19209;6f363171-21bd-4545-9c5c-f2014df51ce7;
19197;7c1a6d65-9c1b-432c-a9cc-7420237d3365;
19187;088dda9f-5206-4eba-a951-d07999ff43cc;1754146
19181;a59d2ae4-c861-4c6b-bf30-03ac58399608;1597103
19175;ff95453d-ff0e-4770-aa8e-008e89664a3a;1626639
19167;1137c8a8-10a1-4762-a86b-dd0f6bba64f2;1599214
19131;7438b20e-a6e2-4a49-aa5d-d5e3b70d84c5;1600138
19123;d20a083f-acd4-40a5-9219-c60fad4ee3c2;1624519
19105;fb8c569d-0e13-4dfd-aefe-bdbef4123044;1893536
19095;c8988ef8-a0e9-4164-b837-1f4fe7d2f3d7;
19087;a888c511-d2e3-41a9-9000-17b3b04c1984;1596215
19077;d7c5908c-8d26-47e3-af3a-275330f4ff0d;1593841
19075;4471692d-199f-4ede-bc98-d7116d41d7a1;1602115
19073;0b9e12fa-37ac-4ed4-a780-0d0780995a92;
19053;0045debd-6666-45fe-9300-46971f89c21f;
19045;fd970c21-8f38-4722-a545-542fa989d1bf;1628764
19021;0f04e03a-3a54-4124-bd2c-5a0f36f024a7;1610698
19005;7e32050d-048c-411e-810e-74ae78dab5f6;1918357
18997;185d0abf-7c68-45b8-b6b9-30e578c6fa1d;1602285
18977;f4eaaa56-9c5b-49d0-b8e9-c567b14a93ff;1596305
18973;7d3bb536-8c15-4eba-9848-e576cceed5a6;1630208
18929;8194e078-08e8-43aa-873b-771b8f8bba62;
18911;cd61b276-32e0-42ba-93c3-01408e4b8afb;
18899;59c52d48-73ed-4ddc-9248-549b7f81b6f7;1590964
18895;ee0566ef-2794-4de8-9465-74b3b9a8ac90;1590944
18879;6b000a44-f886-462c-8e5f-56df2985082e;
18871;e930eca0-d18d-4cd9-9420-9341adfea80f;1590969
18867;61ebe530-218c-4b54-b54d-cd911043fa8d;
18865;abffe880-40b4-4125-921f-92becc210df7;1909684
18859;0038fa72-b2c0-409f-9abf-c8cc9751971a;1777290
18853;6924ce6d-65bc-4c94-b191-f59bc2372f07;
18847;87ff23ca-83bb-48d7-9efd-065822239605;1588228
18789;d8d04500-5ef0-4dee-a676-94c1cb6b2656;1836479
18781;88c01ee1-8273-456f-9e2b-8e8918bd404f;1806644
18731;b9cfd52b-2ca7-4b60-a59d-c732d22c4198;1965207
18691;e1a91192-7270-490a-b52b-ca25c46b16ed;1887050
18681;1de5c28b-0f5f-49cf-ada2-2bba478b0027;1943215
18671;95c02a2f-2d4b-458d-8258-02556bd3f0b7;
18669;49911b8f-a811-49c4-be59-d63bd99c7a8a;
18659;f0014a0d-97f3-4518-98c8-96ccef14d4fd;1697183
18645;72341826-5edd-45d5-8ba8-96378a192b18;1581146
18643;5d9a8666-e4cd-4dd4-991a-644f29c13d05;1581203
18637;6ebd7cef-1adc-4400-a1be-20f48c85e6ed;1579139
18633;837be761-5517-454c-b80c-dbe15cc87a33;1627959
18629;1d91801d-c1e2-4a6c-b45b-f9bd04de15d7;1581513
18613;7528df4d-75db-44b5-88b9-f00d9a09125c;1619667
18597;679869e1-8106-4a58-8ad1-23d826296884;1584712
18585;08a10def-6429-4912-84c5-464a3396b134;
18583;16b67150-0949-4112-aded-c6963c87c6a5;1587709
18581;a0e438da-47dd-4f39-b90c-332bb730bf86;1763003
18577;d98b3e76-9eb1-4d7e-bc1a-63c07a9ca409;1576725
18575;5ca6eda4-a937-43c9-b026-f5d441a22b92;1594349
18573;59d5ccf3-6c9c-467b-b3c6-474228929eb4;1576624
18571;c624bcc8-c213-4c9c-b9ad-0929db7dd377;1576321
18569;776dab3e-53cd-4448-b869-52ca13ed84b8;1579060
18489;0e74cea3-e0b6-4c8c-9d96-3e9c1fbed27a;
18481;4835c4d6-9cde-412e-91ae-73b62f6d7525;1574501
18443;e374b22c-a02e-4936-957a-fb7ea0bbcd94;1574024
18441;93f40c73-40ed-4737-ac78-4b898b325a86;1571531
18435;5ec08216-f073-425c-ab0c-94c31608f95b;
18433;e79c584f-0e6e-40b7-b452-6395210b9e3a;1900186
18431;742377ac-bdb0-421c-a34e-30519b367944;1573246
18429;ea793fe5-119d-443d-8671-12a79c2371c6;1570814
18417;3f253a30-d6ad-448c-9506-97c79f038cab;
18409;16c07c93-799d-42b9-835d-8eb1f5d4408b;1590967
18407;c44ce3fb-1e3f-4c0d-8729-ccd3f805d2b9;1584467
18403;3ce53d9b-2250-4df7-87b6-6aa134ca66f3;1568186
18387;9bfaa3d3-4aff-4943-9f0e-1b3ea99fa38c;1843822
18385;70452d68-e19a-43fb-a482-f4fd296e8a68;
18383;143ea1a2-5ff9-4bd4-9e61-76eb8b6c3b2e;1568214
18381;af6ecbb6-39fb-405e-b0bc-e1b16d27a4b7;
18375;0a933e8b-b2c4-4cbc-bbda-1108023a5ee2;1986148
18367;381ce56c-8c0c-4221-b6fa-aa0cee1eaef7;1578173
18359;9248afe0-1ae6-4461-8196-2d2e506e4ceb;1669045
18351;94154125-5d34-4cc8-9244-d578c66f8095;1568379
18349;94154125-5d34-4cc8-9244-d578c66f8095;1568379
18345;3643953e-5f42-4b31-8084-82432c56369b;1601263
18341;bf35429f-6fe5-4d03-b38f-a122bead6e94;1573958
18339;0e2d66ed-80d2-4254-ad59-8457868ee1dc;1574642
18337;f7f1f714-083b-453b-8f49-4be9a091a22e;1823346
18333;de564652-5ccc-4fe4-9a7b-7744347ce6d8;1566603
18331;eba1f885-e781-4e37-a352-8ec3146e9655;1795414
18325;0548f542-cc24-4e0f-b8f6-07a9631b536d;1836337
18321;6173b0a4-2aef-40ac-9932-dee429d955ea;1574687
18317;89fbf309-21d6-4a05-9b18-015f6dacd136;
18305;1f686bd2-7b90-4d40-af11-2321dbec3028;1941917
18289;3b8285c1-9e56-4465-a60a-8cfa82497f1e;
18275;689e5385-2400-4b84-8fd6-5ab8baa173da;1565985
18269;5145ba18-7932-4c86-84b0-07552e4482dc;1723739
18267;d8bdd57a-80e3-4cb5-ac01-5ea242d864d1;1564209
18261;09db3e44-ebd2-48b0-bbea-615be1097c50;1727139
18257;8770c135-8cf8-48d0-99a4-a3312689389d;
18221;08cd3cda-362d-4594-b217-47b5e7fb8298;1579906
18193;77ebdcc1-f1ed-4bcc-9235-c755685fd181;1563938
18191;10fc7939-7543-4666-a3c8-e27070a1a23d;1584778
18187;cc5b4444-cd76-40ef-99a8-7f49a990aa4d;
18181;fe5d3ab3-1819-4041-ae9f-5df513709a2a;1562339
18179;d9bd84b6-6ce9-4aa0-9b34-5e15a41aae4a;1563044
18177;2501cbdd-55e1-4e46-a201-d3416b712760;1795002
18173;5be18915-3173-4264-9918-fc5b40cbd3c4;
18167;26115618-a191-4bf1-8062-e3852ee33609;1565644
18151;697c5dbd-6452-4756-b996-dfd5ed60534f;1744948
18137;dead8753-6268-4e05-9782-b96393da4ee0;1583643
18133;22e36e62-b3f3-4cb6-8bbf-380fa126d93f;1564267
18129;26fbb82b-90e6-43c8-870f-d93d087e00b6;1561628
18101;9c78a24d-f763-4f27-8ede-1c5e1f933853;
18095;e4d62be4-f869-4592-a587-27d8452c3b85;1561046
18053;6874eeac-d2cd-48d6-b48f-5fc8469435f5;
18033;abba98ae-7e77-4835-b060-bca113d934f7;
18029;59f5a627-f5ef-4fbf-a2cf-7f2c17345d1d;1604088
18027;977de775-f694-4f0b-bd1b-dbcb7fe0cdc4;1561108
18017;a7e9f8e7-4329-4e51-927b-825dea86164f;1668160
17985;fc079baf-9426-4fcc-ba65-28a359e999f5;1561474
17983;3166e400-d760-4b15-92b7-c5260de8b406;1559904
17981;ff5b3a75-3137-4ec6-b5b9-6f0b60c1d96b;1559336
17979;4c0f6d15-7f7f-4c3d-a266-43aa4ef851a0;1938309
17935;0dd8a8f5-8049-43ff-a60e-d136235f52db;
17927;c2a05be6-8de1-46a9-856a-78866090fcb0;
17903;8e32f94f-928c-4de2-8cb2-c1cc16b9feb2;1865285
17897;6fd089d5-b651-44f7-884e-a6829010de9d;
17891;5be9b0fc-a4ee-4685-a69b-0b275982d94f;1559869
17879;d9c6bcde-f00c-4450-8ba3-f302d284f7a7;
17857;59d5ccf3-6c9c-467b-b3c6-474228929eb4;1576624
17831;c2a63a54-e9ee-411c-9a6c-715b18a89955;1764108
17811;845319db-4c48-44b5-b462-82a1bb1f0435;1559330
17809;1ff688de-9acd-46b2-842e-2fa1ef9426d7;1713422
17807;61311ba5-81cc-4dc2-a39f-6c6ba32cd43c;
17775;4b150047-d4d7-4a10-842b-673a0b340d9e;
17773;6f1fdb23-545c-472c-8615-fbb9c4f9adca;1596838
17717;edb7d472-1b24-4fef-b22c-a2f279025d4b;1553182
17711;ecdc9aa1-61b4-4bc8-bc6e-f745b4e05eb8;1554073
17707;7d1d84f9-aafe-4736-a296-ca60e39bc24f;1554148
17697;b110db54-a4b2-401e-98e0-32851fbdb168;
17695;35ba3dbd-ae24-4c6f-bdd3-43d85b0d8c8c;
17693;2805c941-8a22-469c-be2d-793224ab5824;1472414
17691;6b73eef2-e89d-46e1-b5bc-c8df682bfaa3;
17689;ec045efb-c17d-44fc-b7be-fafab9a26db7;1515442
17687;7cca7f13-d77e-41d9-ae75-a25832a1c3d6;
17685;7920724d-1188-4500-a875-a499ec7e5f9f;1397402
17683;6356a5f4-a78f-41c1-971a-244d27a3ae80;
17681;fbb82400-a2ae-4094-943a-e30d914c838b;
17679;f2538d45-21b8-456b-b16f-d0750ef4e96c;
17677;c36c5bf3-820b-4098-aa7f-9306d4c0ae3b;1995380
17675;b8ee1760-eaab-446e-a814-8ca328dd2349;1713551
17673;f585cfde-173e-4df3-b8e0-dde4fec9f159;
17669;97685aee-9c21-4b48-9bfd-d3759583e238;
17667;575a314d-224c-499e-91c5-89b02c39ada3;
17665;db5ec8a2-7824-41a7-9842-2a5bae984b36;
17663;b8c4bcd2-703a-4837-9e73-ad4f38df81ae;
17661;617cbc12-bf35-4347-9fd4-0f94e132d58e;
17659;2b7b9643-4f17-4eb4-8e2e-176c6dcfc2e7;
17657;72de0088-6627-4d0d-902b-4f39b05bf9a6;
17653;eb02cd5c-23f0-4b31-9109-285bfccf591d;
17651;e805a431-0f26-4e59-813a-a33872447957;1851705
17649;5dcc9d5d-5fc1-4339-8ac7-227cf6ffd658;1524979
17645;89dad5ab-706c-40a4-82b5-19e095c6836c;
17643;2bf0e3a6-db24-4047-9222-b96eb038b2e8;
17641;cd94dda4-3645-4f38-a330-625e9b15399b;
17639;2338a2d9-6a93-49d4-8c46-e277a51496b0;1876327
17637;f649abdd-3827-4b24-bbc0-a42f7217c390;
17635;ac791ce6-fcf9-43db-bbb8-165aa8ab197f;
17633;aa5509e3-e935-4760-b1da-9ad6f8f864c2;
17631;4b7a23dd-1950-4340-a029-d5bc2cf3fc51;
17629;2e66c98f-65bb-4796-984d-6b1c3c48b053;1423737
17627;73b6c05c-dea7-4ddc-86fc-1b8ef4aa1c58;1993657
17623;171b7412-92d6-453e-b56e-57c10dbf511f;
17621;8855012f-555a-43e3-b0cd-3404829d1054;1437496
17619;cfdf8974-d95c-4973-8b5d-299136c0bb3b;
17617;4500268c-1eef-4175-b268-85a315659e3f;
17615;70452d68-e19a-43fb-a482-f4fd296e8a68;
17613;26fbb82b-90e6-43c8-870f-d93d087e00b6;1561628
17611;9a2513b0-1ff1-430c-8d6f-ed3e1b62d6b7;
17609;a077a648-826a-4750-974c-ba14c7b8c765;
17607;5d379d0f-90ce-42c8-90b1-5e5e470b2924;
17605;8295e226-58e4-4a68-8566-30913c70acfd;1530735
17603;68ad5509-2c08-4523-bd3f-7888a3446a25;
17601;4b66616b-3f5d-41a8-8c86-00144b544fa6;
17599;1362e444-80a1-4778-b728-c31ab8667567;1903361
17597;2a623239-e198-48da-9670-d393763a287b;
17595;8a5b93d8-b9ca-4759-aab3-e91fcf32da47;
17593;327de77a-a655-46dd-bfda-d28c9d66ddb2;1633114
17591;0ba4d3e7-4dfb-468b-a33c-3c7c847cc955;
17589;fe8b3f87-47bc-4e20-a9bc-c69de633c5a1;1433008
17587;6b11d788-4514-4619-bc67-646b80c95fc7;
17585;a9d3aeb3-1b8f-4d4e-8124-f1b3e0f37c45;
17583;66dfeab8-9149-4554-8b7a-f85a8824e65f;
17581;49509844-b8d6-459e-97e7-5eeb8ffcda1e;1488757
17579;115675b1-0acf-4b6f-8b76-158e7429ae2e;
17577;3455b185-b2b5-478d-8245-49e60be55c9a;1870472
17575;7df9bc7e-3d1f-4cdb-ad9d-9999f94ed307;1561642
17573;93891756-f110-4694-a3a8-99c525c0d262;
17571;a7d1842e-06bf-456b-8f04-051232ebfa02;
17569;ff86988e-fced-40fa-8bdd-a62fa9a2501a;
17567;dedf113b-caca-4e56-9283-1be85e807655;
17565;18ef6985-8684-49a8-9bee-da8a157c030f;
17563;99d436cb-a30d-4b59-98f3-28818e98be86;
17561;77e60a76-18bf-44ce-9e5b-f5b26d2dc12c;1418421
17559;7270ffe2-baea-4432-9c3f-49895421eea5;
17557;81660aee-c525-4ff7-bb20-65b929f7c7b5;1594337
17555;1e8749bd-a52b-4329-9a96-0e8df07dcff9;
17553;9bff1fc4-a0cd-46fe-a43f-b497430f2f79;1518757
17551;74ef903a-db7c-4286-aa32-1e61fbed02ec;1411732
17549;e00453f4-5214-4325-b2dd-31c205edf8b2;
17547;7840f8b5-f443-42fc-9e15-e8432af6fee9;1550566
17543;f2a4d5b4-28fe-487c-9b7c-f05c2f42f541;
17541;dfdbd9d2-64de-4016-827a-75ab6bd8ca68;1622329
17535;63f75de4-bf98-4426-9bb2-4a5906a71095;
17531;0ae64039-e21b-4f27-98ec-02a5e7f788ff;1545923
17527;7fe1c1fb-bac4-4afb-8124-7899f9d02dec;1542126
17523;50432555-c179-40ca-bc91-075e6d920619;
17521;d4021579-3671-4858-8514-40141f286308;
17519;8175858e-a539-479b-951d-64ac03952c9f;
17517;ee7c8bbc-b9e9-443b-80b2-086c7565c440;
17515;9f328f8e-f4b8-463f-9cfa-ff77d07c5e12;
17513;d1b232f6-2676-4adc-bd02-fdab15eae0a0;
17511;31f42446-da85-4060-a599-4c109df06a5c;
17509;3f4d3224-26dd-4d33-ad95-26cf9e80a2d3;
17507;6ebd7cef-1adc-4400-a1be-20f48c85e6ed;1579139
17505;44b4a3f7-82c6-474e-948a-e7744662867c;1473028
17501;5e2e8b6a-e561-4652-a1bc-9aaef68595c0;2014279
17499;387df548-e555-4ce9-9273-bec24ad4560d;1740266
17497;3e1fc6a3-204e-40e5-878b-c7ceae390ccb;
17493;163a9fe8-a8b9-43e2-bacf-79b51709ea38;1654709
17489;2bbd2349-cd90-4014-8364-17f80dabcead;1530741
17487;a013f9d0-6421-44e1-ac72-316bf9e88dd4;1491112
17485;a1381f04-fcf1-456d-ae76-422024e098b6;1646898
17483;ffdfabc6-e75c-4643-93bc-7af7ced357f2;
17481;95b23a6a-8da2-404a-9f34-ebd854e634ca;
17479;e807d254-2ecc-4d71-8792-88478623858f;
17469;61552158-251c-46ae-a3b4-c0c2b9047545;1552988
17467;06ec1128-4511-47c1-adfe-f46d74b24330;1552998
17465;9ea79038-f31e-4b0c-a269-04846b41569f;1557893
17463;0d5df0e3-a0a9-4d90-a6ff-b53490bd8dd5;
17449;8c3f2e93-f265-4847-a428-4aca7a9ee264;1553308
17425;2ac34a78-0efc-48e2-a823-9204af6341c9;1553119
17371;cfe4ac8b-ad6a-4556-9616-474264248624;1713427
17363;1aaa37f6-84c6-4a53-9ff2-e3604eb65e7c;
17361;de59f387-bca5-4ee8-9ce5-05c3d266e93d;
17355;4f50099d-7ce6-41b3-bca1-bdc872b19779;1562249
17353;bce323a7-c2be-4c2b-bf90-bd6d3290d268;
17309;3883759e-55d2-4170-a441-700279e03a2d;
17303;29ac7f15-0f4d-4332-9f41-25fcb19fcfa8;1998472
17273;f802dd95-ff3b-4758-9a97-c6811cfbff9b;1630416
17265;1b631a6d-8c1c-4995-984c-5491780cbb02;1741462
17213;dc991fc9-ed6f-4c72-a0eb-195f0a1018d2;1550299
17203;f7962ff0-5714-413c-8948-1c086b386343;1606482
17183;2cf19b31-b4cd-4ed5-914b-e44561fc4704;1992057
17155;a04fdf27-adfc-4852-9708-9f9bbc904557;1649855
17151;879b8ffd-2b94-494e-9723-2d81d411f74a;1905412
17141;fb58e9a9-d1ac-4b38-be40-32e8720e8186;
17137;26f0947c-6bf6-48e3-9e8c-6b95acc7d1c9;1548172
17051;8cc08df6-8433-4174-aee9-d806904182af;1548408
16981;4305d02e-8753-47d5-8828-b798850a2fd4;1744787
16909;ed61c702-df99-46c9-b512-8ee795103ab5;
16899;9903d222-a062-408a-bb3f-2aabc9e056fc;
16875;eaaffc41-d64c-4ac2-a828-6a89caf216b5;1970895
16817;94be4d42-dcdc-433e-b355-796e6ab07a2f;1545844
16809;c4a3c89e-8f4a-4c45-b3e1-b6b0494100ef;1718919
16781;c74c3d75-b7ef-4614-abf1-5abe0210aad6;1531312
16771;a228fa99-4007-4566-9728-d3e7c454fac9;1545837
16759;21d672d6-4cf6-4947-afc5-a5cf1e621c2a;
16749;112890d9-d034-40ff-b9ad-8e908730a24a;
16747;76b96224-c074-4acb-b806-374baad6dbf6;1530201
16737;b437b2fa-f3a3-4787-9909-a352b16eb86c;1528389
16735;8a716863-2176-42b8-898e-85853a4fad22;1533793
16731;740e9fc0-cf29-423f-ad5b-694bd08668af;
16721;47c3f03c-1033-4853-b7ed-ec83f95a6569;
16717;2d7d1cd6-8361-4eef-b27c-8c1cf2bd1bce;1527737
16713;334920e7-930a-4908-a564-bc907bf5023e;
16711;344abe94-33bc-44a4-b271-8c1dac55eace;1550244
16697;ad90af82-e3d5-423c-acb2-873110472620;1809118
16675;fce55d30-76f0-4b7d-aa86-da503fc4743c;1661378
16661;90ec382c-828e-445a-8188-84b25f9e3e4d;1552185
16657;15e549e5-b12b-4434-b8d1-fb31a9bef6ae;1562195
16639;a03fe637-332e-469d-8f3e-76c01844c7ad;1548436
16623;552fb955-3e8c-4557-9ec5-5bf76e8260e8;1170296
16615;6c7e45d1-090f-4d25-b142-e0a8bc3cee38;1560902
16593;f7955835-7264-4093-8d8c-c2a2efebf7a5;1551588
16581;3f4c6a19-f00f-4e44-b64c-405b57640a26;1712788
16573;aa5509e3-e935-4760-b1da-9ad6f8f864c2;1523081
16509;06f41e6d-b221-4b78-a620-1971415ad6b7;
16431;4682890d-4c3c-4e69-b5f2-c5858cf02939;1519513
16427;5f949e67-4040-4309-9fdc-99e2842bc1ab;
16413;273d7691-5a1f-4586-aaf8-9a98a4eacf6f;
16407;5e855cd4-ce26-4864-bb04-05f20f61ad22;1892252
16401;9e20895a-e360-4936-9674-1894c9848854;
16393;09fdae97-b002-4412-8c1e-e057b191e1b9;1749450
16379;5c1bfe00-bdaf-41a5-87a3-5d4b00cdeb45;1781831
16359;de87c602-f092-408d-973f-d4dd0559132c;1936553
16357;2f27ad1a-8418-4f35-96c7-41d6c414ba48;1587099
16353;e6d9fafb-d395-4fec-9867-7f129274a97a;1518883
16351;4a51ebbb-6cc6-49c7-a7ef-578e28ac5d2c;1515753
16345;4da99e15-5f67-4ceb-b30e-14fedbc19797;1769809
16339;6e3b3e4b-e552-43ad-ab4a-1a088b402fc2;1515369
16317;609a58a2-55b2-4beb-b581-1305eff444d7;1954225
16265;81942121-2567-450b-b55c-857f2a1443c5;
16179;0a11c23c-e913-4682-b68f-5618cd270f59;
16175;d44f6fce-3cdb-4607-875f-340f78bb46e4;1666497
16125;618d5790-3545-4819-8521-5a2315f06c7e;1512054
16115;065334b0-5c3d-426c-99eb-1b5ab62b04ec;1511505
16109;5d1f2f0e-7113-4a98-b3cf-629b6760a786;1509572
16107;e597af83-0ba6-4829-8f0f-7ed72e866638;1652967
16103;2a8dfd6e-dd70-4683-a083-394600ed815f;1510738
16099;1df6c3ef-668a-451b-be68-9ccb7e25e663;1509208
16097;8d5da80a-a66d-4799-ac57-8497238138be;1509579
16087;26e4008f-ff92-4f5f-afb8-d8057151a0d8;1510882
16057;98660a2f-e4c9-4b68-ba72-1865c7bff9e1;
16029;3e0607d5-3db7-477f-b6a3-e33bb6ecc0bf;1509215
15955;2ae00cc2-33fc-4f86-a65a-ce639c4abc68;1876417
15951;75368eb6-3afd-49da-a067-ac5586b19ce3;1518036
15939;fbde10c8-25c0-41e7-9955-3512e7d0139a;1513413
15931;a66f8179-b983-4506-8b6a-bf76c9ad9018;1876347
15929;74a692ac-cdbe-4d6a-9ddb-67379cce1d82;
15919;04340dd2-514e-4160-b0f1-860ef00a2cc5;1505630
15915;4cc593ad-5fe4-47b9-a254-a759dadbea6a;
15891;7144ea72-ec57-4713-bef3-af180cfb39cc;1550704
15885;e032582c-a352-4069-990a-a82297e08463;
15823;68639feb-21b1-4d3a-bc72-a05139684107;1876340
15821;18381849-9ac6-4eb5-a8f8-37070024a4b2;1502391
15797;53203b67-04b0-46dd-9fba-b97e0e51d1df;1901233
15783;aa367102-e84a-40ab-968f-aa5a144f7b85;1568893
15743;405e348f-820a-4cf8-9023-f51b4a5d0314;1453147
15741;ee5e51fb-9955-4b40-ae60-db2241097153;1920630
15737;4653e3f6-3ade-4e9d-a272-041067d1ccbb;1574900
15725;4d29c9ca-6c6c-48e5-9fe7-43b6b1663515;
15723;329a4919-5c66-4617-ab63-d201b5fd1f81;1498737
15701;5821cd86-0e8c-40ec-b738-4a9ed7c01301;
15691;07fb0e48-25b0-4ad9-830e-efcd6856f78b;1498657
15689;188d2516-0378-4d5e-8dbc-783dfe2ff5f2;1525023
15687;fdbb8057-f769-4df5-b53e-7990c4c9040c;1630650
15681;0c4579e7-c99f-4080-a986-81ccf97b5897;1876330
15679;7dde5fac-b002-4835-bef4-509814926a60;1581726
15671;508898c0-cdc4-4352-98b5-162fefb5a72c;1710943
15645;d9aa66ec-3d48-49c3-9523-8f831a22e32b;1588082
15637;5bcd1547-8b1d-4094-8952-f2828fa1b0c6;1494633
15631;38a208ac-6be4-47cc-b56e-ff3a8000c8c2;1496481
15629;c43509ff-95f6-4aae-b640-0396426705bb;
15627;a96f3b68-278e-417d-a0cd-fd2a3bab9a95;1494440
15609;e8a775d9-4145-4079-92d5-a9be368808b4;1635036
15571;cfa6362c-070c-450e-8095-bc869521211f;1612337
15567;c2a63a54-e9ee-411c-9a6c-715b18a89955;1512089
15563;baf01b00-d977-45a3-b61e-bef952d73de4;1494148
15549;23748a62-d650-44bf-8e71-a5f595c99c5c;
15533;0ae64039-e21b-4f27-98ec-02a5e7f788ff;1545923
15527;a95d1ecb-0540-4f67-b090-5b4882c04201;1993657
15523;696f91e3-f35c-4493-9328-da136a811963;1501417
15519;dfdbd9d2-64de-4016-827a-75ab6bd8ca68;1622329
15517;8448bbf4-fde2-438d-8028-317be7ebde4b;
15515;28702b28-08a8-4e69-9cb3-1c01635b0efb;1596797
15511;8379b0b1-c5c1-4575-9e9b-e6af95012e42;
15509;e3cc2e8f-88f2-4dfd-a429-6471b8161f36;1490857
15495;27774e86-fdbe-42af-b186-cafa9bd37803;1491055
15491;8facdfa3-b940-42a7-8ad4-35d7da46fab5;1550286
15489;86e9fc03-53d0-4ed5-b237-513ac7b953a3;1495037
15483;15a40008-26bb-4b49-8463-785fd3adb11e;2005385
15473;fac7209c-ae2f-487d-ac34-f8c2cbd24705;
15465;35cd9828-99f6-4e69-9436-c44a504b9104;1489353
15451;3f53dca7-a4ce-46b7-9029-556ffc41dff0;1515246
15447;2e55d335-05b2-46c7-a468-48c5818c6765;1490824
15441;1d308d81-2331-4f98-9538-375437bfabf2;1490523
15439;7b06a5ed-b873-4c44-98b2-cf7e6a6d06b7;1461982
15437;ae922926-bb02-4fa1-89ad-da70238e9edb;1788545
15433;9bff1fc4-a0cd-46fe-a43f-b497430f2f79;1518757
15429;e998f123-469b-4cfe-b8b7-e0f6e0eef0ce;
15405;80f1f1c8-6c4f-4f9d-9046-ed9b71118535;2008073
15387;22d401d2-ffa7-4a43-8186-2e224276edfd;1486239
15383;2101d135-58cd-488a-a7b7-4365c969fe9c;1563036
15377;7319a017-6559-48dc-bcbc-7db6225ca0eb;1550566
15367;949eaaee-9233-414a-b5da-881e9b4ba444;1590918
15365;8a0ae5f5-c10e-48cf-9c11-d9cf985ced61;1670043
15363;2bbd2349-cd90-4014-8364-17f80dabcead;1530741
15341;55e31d7a-2d13-4871-8c0b-5cd057cd065d;1484543
15339;040186ac-33d7-492b-80a4-46b39511f408;
15333;36027124-485e-429c-ab80-a51c3160da27;1484203
15331;1ce022c7-d413-4fcf-8f2e-ece61af5c626;1484091
15329;3b139112-d522-4631-981b-6d5906a59bfa;1599605
15327;10b377ca-7fc8-412b-b986-98ce597dbe1c;1491094
15309;327de77a-a655-46dd-bfda-d28c9d66ddb2;1633114
15303;33729d5f-81ca-4897-9eab-5b98921ad952;
15295;b360228c-44c1-44e6-a079-cb529ebcaa02;1788858
15291;86ee8aa1-38ba-4432-98bf-ea3bc6a1ef70;1501367
15289;fe8b3f87-47bc-4e20-a9bc-c69de633c5a1;1433008
15257;8adc3be4-0cbe-4997-b0f7-e39dbf4b5141;
15255;f396385c-9513-42b1-b16e-cefc8bd2a087;
15253;307bb444-842c-4f6b-830f-b2c4a5155c50;1488478
15237;1393b053-ceb5-4f83-ad7f-ccdcfa1e373d;1481795
15231;b939b886-2266-4f61-b35d-e61c0539f015;
15229;4d41f7e5-dac5-40cc-ad44-ccbe3385dce1;1531402
15225;0f474000-64e5-4f4e-b1e8-cf7c46d0d77c;1566678
15223;f0c4b7e2-afec-41bd-a6cf-815af8e788b8;1535609
15219;8295e226-58e4-4a68-8566-30913c70acfd;1530735
15187;45fc860d-ddbe-44eb-9410-dd14e910997f;1475666
15179;5d1f2f0e-7113-4a98-b3cf-629b6760a786;1509572
15173;9250e2a4-c1be-4e60-a888-897a44e26ec3;1591481
15159;e04274eb-46b8-4178-88f3-12e9c1e6135b;1473479
15157;c8e396db-9efa-4601-9e3c-3dce60cc7001;1481717
15151;0837b31b-a23a-41ef-8428-2fc190d7af2d;1667248
15145;c613406a-afa6-4997-b4a4-20f24b7ac84e;1738420
15123;aa89fe15-8cbe-4054-a304-abdb4b3feb33;
15111;b74a95cc-1db0-4d19-98dc-79a7dfb70b77;1550549
15109;748aaf12-083d-4ec7-950b-41937b2af9e5;1760283
15105;1f308fbc-4317-4b30-8ba1-7ab3420ca2b3;1473414
15089;b2336066-095c-4e1f-adcf-daf166684d0a;1469568
15049;1217205e-bc92-4aed-8d5f-82ab8d1fd6b5;1473092
15045;c588b582-6ccd-46e7-83ce-85f9dc81cc11;
15037;4464e0f1-60c1-4640-8602-7d4a07668f73;
15033;ea62dce2-14e7-4cb5-a02b-079e806e7734;
14999;84818813-f605-48d4-a634-1e3a0d0aef3d;2009129
14961;e44f76af-c592-4166-8028-3e43d0305fea;1467003
14875;e807d254-2ecc-4d71-8792-88478623858f;1464943
14873;0659bf7d-4493-4a3f-87c2-2a97610e94f6;1463467
14871;3e3a21a0-f4b9-4fca-8dad-0108bae9bb60;1482201
14861;c4c16aca-407a-40b9-92df-99cb678bcc1d;1464845
14859;885e2401-5a3d-4691-ab16-5b7a9f56e147;
14855;98c6208a-beb2-48be-a51f-5984e8310070;
14841;81d4d5e4-a29c-435a-ab5c-e1614ec888fe;1457515
14837;20597b1b-fdb7-4680-b254-f44a076df329;1457267
14821;1d3e7def-95a1-4d42-b798-ed3e36d28985;
14817;9eb127e6-da6b-4813-8275-46e78a76f73d;
14813;3773b068-a970-4be9-876f-b4ef8538f0be;
14811;d7440fdd-9846-4a36-bb6f-fec0097b671d;1559996
14809;8a5fa50e-bd8c-48ec-b206-0265b5bb9ea4;
14803;5122122d-d17a-4c35-aca6-61f1b2e8d373;1570993
14797;4632a42b-45d5-458f-ba5a-7a0231659f6e;1454893
14787;44b4a3f7-82c6-474e-948a-e7744662867c;1473028
14781;7346be45-e1e5-4261-bfef-34ef56aa8082;1481864
14777;df30777c-262c-4b54-b20f-bc9b2fdb74d3;1485592
14775;4d8d6548-4c7b-44e9-b5d0-cd7a1f2d33b3;
14771;32aff40a-8946-4857-a978-9d48e9e27427;1469656
14767;7edec733-7262-4218-ad7d-b7e7e7b5c1aa;1457089
14765;405e348f-820a-4cf8-9023-f51b4a5d0314;1453147
14743;0a457086-4dea-46a6-ab99-e8f47ac8a0d2;
14737;95c1a1ea-26f6-4663-b7ff-942720b3186c;
14727;b1137525-18a2-4a09-ba3d-9d4c91912050;1612190
14723;35a3aef1-8607-4f92-9996-7676bfd70cb2;
14719;672705e3-6cc5-4a99-bfa1-13f1866ae42a;1452826
14717;279e633b-5f60-4409-a09b-608e4bbcd66f;1880712
14675;8770c135-8cf8-48d0-99a4-a3312689389d;
14653;ce388df3-cf64-4dd5-ae4d-9d472191acb6;1550757
14639;08eb16d6-987e-4d03-83e2-aa2e11fdd149;1448742
14637;6d710eb0-04de-4290-ab87-20358aa229c8;
14635;6d63dfcb-644c-4f17-a8c6-f35cef8fc940;1445573
14631;e618931f-200e-45ff-b9a5-dd58b8141b1d;
14629;bf239986-e62a-44bd-83fd-fb265739a218;1444801
14627;279e633b-5f60-4409-a09b-608e4bbcd66f;1880712
14623;1f9f9aa1-85b6-4f39-907b-5a9936984410;1444435
14611;f756c29c-c98d-4f06-a336-827b1c6a3233;1444706
14605;b301c921-7d32-4605-a20a-e1c74347f6e5;2015231
14595;65494a59-56d0-4985-a0c2-010f771c32fb;1596788
14591;87bcc8d1-ccbc-4d7b-8eba-6fa865c3f7a4;
14589;597b4d83-1ec9-48fc-91bf-3b85d3a4ec40;1437473
14587;e9e73a48-043c-4870-b901-76771f4b3ed1;1437528
14583;beef51a7-cac5-4292-b8dd-d25c8148ca2d;1439411
14581;cffb741d-0d01-4cbd-892e-9eda4443547d;1439466
14571;650098ac-375a-40cd-80f8-d50b85935207;1805813
14553;378b0c04-bd3f-439d-a85a-cd978486a529;1782575
14549;62424a41-75d6-473c-95ee-9668ff873783;
14545;95e58022-636b-41e5-a1c2-377a1c9a16ca;1589367
14543;3b8285c1-9e56-4465-a60a-8cfa82497f1e;
14531;91d75322-f96d-41a7-ba99-690041acc7a6;1761067
14511;171804b8-8444-45fc-867b-b09335b137b0;1433146
14509;264b4db6-3113-4682-bec7-5938d0e4b8f3;1895446
14505;0e3a13a5-61f6-4699-8822-bc0dee021993;1444497
14489;c92da88d-293d-4624-831c-496e316aca85;1432723
14473;a9c07c34-eaae-4f84-92d4-5ffa7b3832ca;
14467;0e4f448a-6f13-4972-904d-d89cf6976a4d;1431336
14465;0e4f448a-6f13-4972-904d-d89cf6976a4d;1431336
14463;0e4f448a-6f13-4972-904d-d89cf6976a4d;1431336
14455;084ab40f-5804-4b2e-b051-c6885cf8fe38;1492308
14453;f39fc0c4-f1b5-48c0-8b10-119b7d6ec65e;1884747
14425;08299cb5-9def-4f43-b6e5-7c90d8bec293;1785370
14409;1c5df6ce-c372-416b-900c-6549a6fb7c3b;1430910
14399;77e60a76-18bf-44ce-9e5b-f5b26d2dc12c;1418421
14393;7e3dfc09-83a8-4dd1-a65f-1956ccc3de9e;1466843
14391;14fe9212-37aa-4398-8e0e-be7ee9bd617c;1739493
14389;936e516c-f21d-4726-9dce-7115aafb36e4;1510811
14385;8770c135-8cf8-48d0-99a4-a3312689389d;
14371;de4082c8-bc32-49e6-b2e9-e9d51263e61e;1945129
14369;38aaddfa-37ed-42a6-8580-82d333539e31;1415197
14367;6f3960b3-6328-4115-8890-1e8fdbbcee65;1864100
14347;85e5a3af-3c57-452d-acf0-7864214044d6;1543731
14341;f724aff8-ba3c-4c5f-95b0-e4cdf17caf7e;1413266
14337;b6fe379c-6b0d-4207-b19b-f913db338979;1411184
14305;2f81cdfa-d390-4d35-adc9-a559f7ff75b0;1193660
14303;9145e7f7-058e-4f71-9f11-7a919abbc83b;1205375
14299;f2a4d5b4-28fe-487c-9b7c-f05c2f42f541;
14297;a5f372a6-79ee-46d6-8084-0d1ac449aee5;1228614
14295;d077fa92-b0f1-4bbd-8e14-7aa8508f877c;1205254
14293;b69d6391-044f-4a12-ba07-3fb46dd0d3c8;1583732
14289;61ace188-d4a5-4960-84a8-75e749036fc7;1300565
14287;99cba281-a68b-4f7c-bbf0-12c03950b10a;1227135
14285;697322e5-103b-4230-895a-39f8602b9927;
14283;e493de7e-76b3-4e68-a0d6-1af6293f4d47;1203532
14281;7542484e-6b10-4860-8f0e-b3135ae9568c;1203645
14279;3415ad72-103e-4e7a-8978-0a1eaf655bcf;
14277;dd8e3549-e548-4df1-a9e4-ccea70211c25;1993716
14275;903af0f2-c23e-4097-ae78-461a69ab326e;1193931
14273;d8bcacef-4710-430b-98b5-7c78a2b60d44;1390001
14271;4d6c81db-bf72-4464-9636-b0d108848f42;
14269;f03aa9d7-6180-4347-a5e8-7f260ee64d43;1202608
14267;8b2fa0a1-8415-4dd8-9305-17da884fc6e0;1241075
14265;64e54b3e-edc1-445e-b9bb-f13dc21749cf;1202041
14263;c96a8f56-94d9-4625-ae51-7e4aac36a049;1199592
14261;cb93d4e5-952c-4932-ad8f-85f3fd6c2668;1204935
14259;f43ed6d2-7ef5-4e62-b418-3eb57e762759;
14257;485c1e60-6034-476e-b30d-ccd66801d24f;1200077
14255;bdcafb4e-2ec5-422d-99f9-7897f6e85d22;1206686
14253;e9e98a84-017f-474a-91fe-dc7418cb3f7c;1657636
14251;60932735-66a6-486e-90a5-56c555c36243;1942757
14249;c1b09d5c-71b4-485c-ba44-1d9fbda36c97;1205049
14247;902ab138-de37-4a74-a7aa-ca70d3d4a6f1;1194240
14245;45fdd10b-6da6-4b6e-8402-2b2795991229;1199985
14241;838afe8a-2169-47a6-b16f-a9086142ebd7;1730075
14239;07ab255d-f0b7-4374-9d68-58d1457d39de;1624313
14237;cd5215ee-25db-428f-b0cc-5cb677666c43;
14233;0eddecd8-a428-4aee-ad43-456792ce26fa;1202996
14231;c26e610d-6ad8-4dfd-b787-ff37e8b4f265;1192623
14229;85a8d525-c285-44cf-8dd7-1a3bd7046b3e;1237912
14227;622dddd8-552c-487d-b07a-eea158c8e37e;
14225;df992665-f767-4e9b-aaae-0580fdac867f;
14223;b415e052-efe0-49bd-938d-d22b611e37a8;1205362
14221;8c31b22c-15ff-4365-86cd-98f43ac78686;
14219;cada9ea9-817d-46f9-9e98-5bdff956dd09;
14217;8b8547b6-0dc8-4376-a6b2-60969b18d808;1191374
14215;40e21475-d281-4e8a-a017-6726268c2c7d;1626019
14213;0d194869-b41a-4075-bb27-8fbcf564dc5c;
14211;8029e24c-0e17-4374-8ef6-116be4371cf4;
14209;20ca043d-2455-4c58-88a3-ad79e1228e04;1320689
14207;7c11bb0d-cfb3-4eaf-99be-d9a8d1c289f9;1242455
14203;2992bcd7-cadb-40b0-9a57-2213cbfec4e5;
14201;060c5a17-c042-42bb-8668-4bd785793772;1893310
14199;38b6a45f-16db-47f6-9bf2-75100104a10e;
14197;14d0015e-fdd0-4f50-b039-71627a20685b;1189495
14191;3fd247c0-e8e7-4e58-b680-87a1bcacdb2e;
14189;ac116bac-cae0-4f3d-b58f-ce4d206a119b;1271568
14187;80ab9438-de0b-4928-a361-20634eb3d79b;1298090
14185;912023df-df4b-4554-80ae-c45442eadccf;1186587
14183;21f63152-4c82-4e31-8990-9c748192538b;1228734
14181;ae8bcd8b-0865-49f8-9af0-2abae328f7ae;1364819
14177;36ca42b2-266d-4e78-bb93-4a94c76fddce;1190105
14175;36ce6dc8-33b2-42cf-a57e-698aa48de11a;1961207
14173;3ee8a3a0-fe87-4f75-a36e-9fb6bebc6f24;1352833
14171;8cead9c7-89e1-493b-aa78-143282a351d0;
14169;74938772-0120-4534-b85f-433b8d1d88ae;1179486
14167;816d6249-c924-4a6d-85b1-5b5e8967466c;1184530
14165;ad66f5ee-0a41-40af-b62d-f8c8b29ff83f;1272528
14163;c35eab24-9141-459e-8c5c-2bce9323398e;1206056
14161;26ebeb59-fe98-4c11-972b-28f1eeefdb5f;1887887
14159;6926dbf0-b39e-4425-8804-5fd53ca22076;1224036
14157;2b4338d5-862c-48de-bb6e-db12d8d5eea3;1181192
14155;7e093691-444b-4069-9717-0b414fb7792b;1220933
14153;ebfb385f-8dcd-4d74-ae0d-9fcbccd4a8f9;1237910
14151;bc9ecb65-3e78-446d-b518-3cd2daf17de5;1182636
14147;c1f371b3-061b-4b8b-9077-99a22f487e28;
14143;2bbf9aaf-bf17-4602-becf-f6c940d1e96a;1777866
14141;efd6c24e-1a10-4be9-abac-f9397ee5041e;1180613
14139;cb769910-d2fd-4081-9a07-b5d483050db4;1370234
14137;7c9c3520-7c94-42e7-b846-38c696172702;
14135;9e28fc53-38c1-4a04-a9de-bbe083f0b2f5;1923389
14133;c5d7b494-1896-476e-8e23-7b11d6234b04;1550315
14131;69d0cca2-68f3-4249-afca-741210747e38;1311801
14129;c7aa7c10-3c93-4781-9c7e-594f5b9db1e3;1176471
14127;58c8f3eb-e6f6-4ee9-8216-f305eacde0a9;1193619
14125;e49317c4-19d4-4889-9df6-48efa328e43e;1179026
14123;e8bb379b-2146-4e27-b4a8-056d4596b0ef;1189554
14121;efce1c2e-c14d-426c-a42a-41f816dea420;1176380
14117;3383031f-d7f8-468d-a868-bf4bc5f40e77;1173415
14115;7e64e801-5e30-4e39-9e4d-159ac7f68603;1169466
14113;c635ce5c-0658-4c77-a890-670db6c8a3dc;1171025
14111;96928651-ebd8-4e4a-afb3-615aaf3fb336;1253508
14109;487acc68-688a-4e14-86c3-42103865917f;1202181
14107;698c35ba-5e89-42d6-a2ce-5a900fce6c7c;1167290
14105;9c735303-9d63-41cc-86c4-280b07c4d33b;1237905
14103;6cd12bf9-bcf5-4162-9562-8ee91e0579d0;1167308
14099;967f0e81-794e-43db-bc42-7276194e5b57;1788581
14097;f2f80fb8-a762-4d41-a138-e698e347be71;1170245
14095;2c14fcef-7b35-40f7-9dd9-2c22bb841f6d;1169734
14091;e1c561a0-4039-4382-8a7f-d6fcd9b22fc0;1220934
14089;676ad27f-cd5c-4d1b-8ae8-6674db282896;1209832
14085;ed4e4675-974d-48ed-8aad-8c09df0345ab;
14083;f0a26059-e422-4398-a4d4-9f70013235e4;1219950
14081;112bd2d6-1586-4d69-aa96-6aec26575df8;1707617
14079;68e84b8a-e9ee-4e81-9168-000fa58a6e1a;1167903
14077;86b4d3e9-4a41-4ea8-9afa-2da129dc2c15;1301361
14075;7d71b3c7-5cd3-4e97-a820-69c5844e672c;1183206
14073;2e91a4f5-0e71-4c3b-a962-9966e814a9eb;
14071;d4c338b4-bbbf-4a8d-8333-7313c5700df6;
14069;f4fcf59b-b41a-412f-9064-42894dab5879;1292365
14067;fde85aa7-6ca3-49a8-abab-2b54b62e6234;
14065;a3717584-30f2-4696-b4b8-2651ae8f932a;1214989
14063;fbd1a741-9c8f-4e38-965f-5e2e20515bc7;1205216
14061;e4ab5c7a-396e-4f1e-84c3-61c8ba8bc929;1148355
14059;43592791-122c-490f-a961-02ee9f112da7;1167828
14055;c9c0a547-6fe6-4dc3-b64f-b94b542bbf68;
14053;5af57f48-1f53-48cd-b8e0-cb9c176a3761;1213254
14051;2c8931a4-9952-49ad-8bad-34da84a7d528;1183910
14049;6151d58f-54be-443e-ac72-69e7a194df26;1578837
14047;b7370824-3f8b-4451-ad66-869e2db48e72;1205343
14045;8ddace16-848e-45a1-8dae-5ce55737e0e5;1171803
14043;752dc988-4a52-41dd-917e-1b2a69fde4c0;1283917
14041;3473a0cd-d9ee-424d-948c-461992ba31ee;1255117
14039;11e64ba9-dcb1-4b71-a1ab-e75d5eeb9d29;
14037;0b53a6d5-be25-49ab-8cb9-94f204af3fdc;1168384
14035;b526a44f-eaab-48ba-b7b4-f57f90d5b4b0;1171014
14033;b177486a-2505-467a-a9dd-d4a0bd7fade8;1757210
14031;cf901f63-0a76-4f2e-b726-9a7b19406730;
14029;7219084f-7cfb-4fd6-b66c-8015cac87404;
14027;abf1719f-cbe3-4a29-ba95-7ef4979c054e;1205222
14025;47b44459-fb31-4b38-8f19-40abf1136833;1176468
14023;21ae9e56-ca40-4dfe-89eb-ad4cf4447153;1702030
14019;bec8f2ad-ff89-42a6-bbb4-d3dc35596a92;1700214
14015;0888e3c7-449c-4555-b6d4-0e389d67fbde;
14013;827caddc-1a2e-4ecc-9a5f-023cbaa3d226;1171127
14011;bdb359ac-aeac-4861-b8fc-5256d07c8747;1136754
14005;0443e410-6586-4d8a-ad4f-b99233a9bf41;
14003;1188e7f9-3df0-4046-a7ed-c47798fad9ae;1770116
14001;bf57f0ef-c3f7-4b35-be8e-e6ca6519f639;1727445
13999;d25386fb-e257-4dc3-99da-d5474ee00f6d;1246639
13997;684422d0-a619-4c34-825b-49808a574bb0;1206008
13995;586a4913-0181-4bfe-8984-28176b8a5d87;1796309
13993;369477e3-a12f-4cfb-9a6f-197ef12bb241;1735006
13989;b9cb9d59-d174-4e8c-ae0c-ad4ea4b3b5ba;1202001
13987;683e59cb-c7f3-4709-bc60-da9e647b6003;
13983;be889e52-f69a-48a3-9fb8-6c1ac07be84d;1485703
13981;ddac3b9a-2db6-460a-bfb2-02bf127375f2;
13979;98892936-122f-40d2-9726-28588886eadd;
13977;c33401a2-ac2a-4a57-8746-00c2df765852;1264126
13975;5e6b9c7a-581a-4e5c-bb02-85b2840ab34d;1482238
13973;3b9cc41d-7657-40c4-a0b7-93833b0fb13f;1208863
13971;ae339cfd-6e56-4523-91bd-e1e2595c1290;1754114
13969;32c5bce5-f8fe-4e68-9bd7-9a349fd86854;1728950
13967;cc9520e4-d8e3-4858-9685-542ec8d55844;
13965;45f2b061-1277-49c9-98bc-8aed183427e2;1181015
13963;f0e964ff-53c0-4948-af20-ffc9c7da19a6;1571466
13959;57c9723b-71cf-4a89-9494-6ff3ad870768;
13957;2f498200-4ab3-4a7e-9188-678c127af1b1;
13955;59bb8137-da40-449a-ad9e-5288731cf407;
13953;5346cb13-5ec4-44f4-b631-eeaa2819300f;
13951;264b4db6-3113-4682-bec7-5938d0e4b8f3;1895446
13949;5b19838f-0c79-45dc-99a6-e21315125d61;1148808
13947;e7231214-fdd5-4f2c-9ae1-15a23a687474;
13945;3477b046-7cb4-4e43-8519-c46a1a3a2354;1244907
13943;ccd49528-48ae-4a0c-a3ed-92aae49b0eb9;1631373
13941;aa31908d-3770-4d14-87bf-d62d9d428a76;
13937;08a29a39-e58e-4450-b72e-bfffbfb055b3;1182855
13935;054d54d8-83cb-44ad-9f41-ae229cd9e8d7;1180965
13933;0d70ace3-7d23-42d1-94c2-5dbc395e3640;1659368
13931;1edcec18-0af6-4e1a-8d61-e34cf5f3071c;1663067
13927;a766c148-21c6-4c6d-9a30-a98504d3f148;1358958
13925;df6cdfec-5f3f-49e5-9ba3-ca488fbb4d89;1356674
13923;6e6e502a-170a-4959-b618-e845ffd3b375;
13921;a434199e-cafb-4bc4-b357-5f328a07d6dc;
13919;bbcd827e-a2fe-465f-aeec-1d6e20c5d488;1298269
13915;d4eeda4f-416c-4461-a3d4-ee2e64ac57c4;
13913;82b3b05a-dfd7-4588-ab10-433bb560d82c;
13911;3934a4d4-7795-415e-afcd-bd1ae43ea0bc;1205129
13909;d0489214-2a2f-4a79-b93a-6a5af82ceeec;1787587
13907;0232ba60-8c50-48b9-bc7d-7cbbfd0eddd9;1646769
13905;765218ef-5633-428c-b585-dccc0f6fcd34;1713628
13903;4bba985f-6922-4c23-93bb-0124f2e343ff;
13899;cb524a23-2a06-45ae-8eff-bb2859f6cfce;
13897;afffce36-51e4-479f-b1fb-f7442e98b52e;1463859
13895;a1c835a6-f663-46b4-ab81-689c011de60c;1205237
13893;e6d9fafb-d395-4fec-9867-7f129274a97a;1518883
13891;d866809a-bfc0-48f2-bac9-c069e7a1f36c;1223708
13885;aa132030-074c-4a7e-81cf-411f283d64e3;
13881;dd71aaa6-55ac-478e-8fcc-57e12aca1f6d;1191289
13879;4789f386-d8a4-40dd-b113-3f1b3e6c519b;1201904
13877;87fa9382-9449-402d-af61-3a460cb9413f;
13875;30d9da83-bce7-4f96-911f-82a7735007da;1620036
13873;c59e44fd-e859-4b3c-89a3-8900bfc6cbd0;1475650
13871;503841a5-d270-4b93-aec1-6efcb2d69fce;
13869;01086eb8-dabd-4da6-85e6-62e8438eb418;1759464
13867;5c6add98-51b0-44a4-92cb-e9000581dddd;1206678
13865;50cc2865-5865-451e-b63d-56e1aec17b41;
13859;08fc352b-a595-415e-80a7-1da9f7ac3f9d;
13857;08cf83fc-61c1-4dc1-b6ed-5752f2bbd133;1794995
13855;427715a4-ee71-4235-8caa-690938d9fd8a;1261020
13853;4c6c0123-1a4f-471f-9f2c-a27bf3671abe;1750684
13849;255cf6b3-56f8-40a3-9830-6d467f17567c;1166428
13847;a4bc9782-9e24-444b-b51f-12915a36732d;
13845;ba47f6a6-3556-4c68-a1fb-612b99b4f93c;
13843;339d2b59-bd3e-473a-8844-374910904631;1698996
13841;eec33171-b965-4ca2-a0b9-0c6a93b4030f;1747704
13839;696cb04c-39d2-47b8-a897-dd6ba4d92625;1612287
13837;5e11b087-2d7b-4064-87ab-ded259987323;1249772
13835;9cd5f33f-c312-482c-b37a-468e927404a9;
13833;ccb59c60-bac2-4f1a-9d4a-e12dcf215012;
13829;15ddfb7d-fc45-4840-8e15-a1148ee02fa9;1212714
13827;af12df38-0a19-4ca8-9e40-64a2948702c9;
13825;ae934f09-5556-4268-95b5-12eddf52e8d6;1182818
13823;12bc2ad2-1464-4eb1-b9cb-8070193e5573;
13821;418bb9be-f7e1-449c-8f7f-d412464e3e70;1717500
13819;bc6fb441-c19d-46c6-ab51-a71dbc087da3;1189994
13817;c5f6218b-ba68-4c81-a512-b2089b9f6b5d;1226503
13815;3e779cdf-d8c2-4f62-9229-4b0cf56ff602;
13813;26f680e6-f1b3-4a28-8423-32851d2af286;
13811;a0dc5558-e7ee-4ad0-a550-da00014919c1;1685978
13809;f2a4d5b4-28fe-487c-9b7c-f05c2f42f541;
13807;6becbeef-5ed0-4e55-b24a-c26d320eae64;
13805;44969c7e-d646-4353-a20f-8c427f50f888;1190758
13797;8f5eb751-8f2b-4611-8040-ecc68e1fe7ca;1180750
13795;4c0af6b2-a762-4fea-a444-c7c9fafbe446;1181239
13793;7742ff67-7877-4372-a7c7-0a26ce59f760;1491995
13791;91e9883c-750e-4eb1-bed6-c20bec16756b;1255709
13789;3f4ef3b5-28bb-4cac-b4fd-dfa4fc9fea77;
13787;2eba5388-23e7-4e20-b6f6-826741c7b469;
13785;5103d0fc-64ac-4fa1-9405-9580992883cb;1824328
13781;6f430e55-389d-4193-9f01-5446e680fc91;1549303
13779;b8d0eca8-e062-41b5-a076-99ce288e5b46;
13777;13b33959-b667-4a04-a18f-15b7fd901ae9;
13775;8063167c-a15f-418f-ba70-04eba1aa8b29;1211408
13773;d4cd41e8-e306-462a-8c2b-8e25d63b62de;1586396
13771;d3a85d83-a7cc-423e-821f-e245187bcd23;1170270
13769;997b84cb-7f28-4ba4-ad25-d405540b3be5;1267361
13767;64ad5d06-ee4d-42a7-adc3-a021ccd270cb;1332126
13765;0cf8cfc5-0990-4bf3-b074-59ac03620743;
13763;e0021d9c-706a-43a6-8317-27f1de9a852d;
13761;a447754a-946e-46b3-b18a-fd9323856386;1211431
13759;bd61d589-8e46-4e1e-82d1-93fb7b94bd1e;
13757;ef65d8e3-2f68-40ba-8625-58059300c54d;
13755;61ba7f1b-d05e-4f05-8d31-7c9a2955130c;
13753;682abc0a-4bad-4674-b3f2-05df47983a4f;1208010
13751;4738596b-e1cd-4a2e-a55d-f07547901969;
13749;54aae754-1c12-4373-9b55-14f9ae3ad37e;1228826
13747;426660ca-dd07-47cb-b598-8f8fffecbc2a;1586386
13745;146281fe-83e1-47fa-9598-b40ab5487317;1202653
13743;8d31f8ea-7abe-4a14-916f-a34f0ed24163;1180194
13741;7f468d48-9c56-4263-80ca-997cc405ae10;1168576
13739;04480145-d3cb-4bf4-8d95-b210718ebb0a;1181048
13737;eba5634d-08b5-43c0-b110-f23c7849be31;1244875
13733;aa9fe9e0-49d1-4beb-8a8d-d10547a0dd27;
13731;0022f5d7-b515-4630-8bf0-ec2de2b00f5a;1208702
13729;0e3a8a6e-70ed-4990-98dc-1a5685da359a;1864216
13727;2f7f0838-e0b4-4e2f-adf8-98c27c1133a5;1193985
13725;620145f8-7fe1-4dcf-8db4-fd99c4a0c780;1180995
13723;d5fbe131-3d11-4d6f-b128-434f9a9096d6;1857164
13721;701335a5-268e-46c6-967a-59b4e92ef045;
13719;86c0560b-0100-4e56-a1bb-1b2b98d83f92;1513625
13717;e18b00a1-598f-4310-bf93-b2e34172ff5a;1263809
13715;a88bcbbd-c236-4459-8d20-28d9fd326535;1223999
13713;a3a7b673-bf72-4488-aab2-c0a25b8ff7ea;
13711;599b6835-8bf0-4b9a-be49-2edf56cc7e14;1166390
13709;55c52d75-4a40-4416-b5bd-a7409fefab4b;1200893
13707;97f6375f-14b4-4e86-873b-d05de364d17e;
13705;3245cab3-deb0-4a7c-b2d4-2c208ae3a61b;
13703;5234adaf-2325-4fe0-b8f3-59f134ef50e3;1205410
13701;903a9b81-4d3a-476d-9cf1-1329bb65c381;
13699;aa855543-7551-4267-a0e9-9f42f5fcd09e;1176386
13695;fe1294e1-741d-4733-8c0b-4c62a5cb03a7;1193505
13693;dd7864c3-3fc9-42a6-91a3-aedf99854424;1190755
13691;f0a490ee-7142-46ce-94da-a1da8a7e7583;
13689;7c3a8358-c750-4323-8878-d914444abeff;1169786
13687;a0721412-3fa0-40a6-bf2f-670611b8eac4;
13685;3b955440-dfba-43d4-9b2a-2ce79292e8ef;1170854
13683;6bd7f0ca-d364-4dd5-81b3-632978536512;1250602
13681;ee53bec0-92da-40f8-82ce-253113cef1d7;
13679;d32935fb-d1f3-4473-902f-1e50b6b76d6c;1804953
13673;065334b0-5c3d-426c-99eb-1b5ab62b04ec;1511505
13671;1a1235da-7a7e-44ec-ab90-e555e4659ee3;
13669;afe6aab7-2561-4864-a1f7-eff4930d786c;1176502
13667;fb5c0c54-eb29-4a1a-92fa-13a45a76e091;1698960
13663;71598380-2a85-425a-aed7-98e2fe663296;1186425
13661;151345d9-742d-4fc7-a4c4-4c24648f239d;
13659;e602223f-1133-4434-abc5-ebeb2c66c873;1217683
13657;63d2ed4d-8b41-4587-95b5-d2e9626fdc3e;1205215
13653;239e7baa-cc17-43eb-9054-3cb9ba99de4c;
13651;dc87ef1e-20e4-45eb-be64-589ceb1bcbd8;
13649;8a43033e-1637-4cbd-94af-facf6dc2f0e8;1168609
13647;6f6db016-5d3d-4310-8b54-344704ee28dc;1450029
13645;4829dceb-a1eb-424d-8ac2-0aef3764bbd4;1563007
13643;0adf374f-ce52-430c-80e7-58f3579852ca;
13641;ff9b19c6-1c85-411b-9f07-c392caf25578;1182867
13639;fdc301b5-97b4-41d5-a6af-b430b12fad3f;1549295
13637;51e28aef-de62-4a55-a615-07f062fe3c19;
13635;44ecfb2d-15d5-47a8-b950-9ee42fa3a949;1900570
13633;6aa17f16-082c-4a85-8ea6-d05d881f89ee;
13631;b51553ae-6327-41cd-8e8a-724aa23c1fd5;1566455
13627;908806a7-14e1-4804-9b75-fc16ccaf5fa2;1563022
13623;850376c1-4760-4db8-93ac-84de12513e8e;
13621;2f329526-f6cb-4bba-8b0d-9fe1c5cce7ad;1770189
13617;3f706d5b-5b03-4dd0-9b75-dbebe5cb9307;1211337
13615;67d90bc1-102a-4548-870f-6c1e01e982ea;1975304
13613;79adc922-d975-4f84-a8ea-abc4d84f4f66;1297921
13611;4c189d05-ceb8-455f-ba82-8b2e2cb3a2f9;1205298
13609;45d5deb8-eb9d-43f5-8ee0-f7fc71fcf236;
13607;fe667ab6-8999-47ba-8f6f-79c718426b5c;1364915
13605;cf963fec-2480-4dba-827a-babcea075fc0;1213302
13603;d5c1c0ed-0371-4366-99aa-c96c7317f524;1216791
13601;a998b9e6-ecc4-4815-bf8e-e95e272853c2;1180975
13599;45d127fb-823b-4b99-972b-49c82b2758dd;1170986
13597;7a01dac5-2de4-4bd6-ba14-4fd71580099f;
13595;325ad36e-21f2-4694-8a5d-ea8e78768e11;1167136
13591;81d57018-676e-4803-9651-86ad3a22b008;1963615
13589;c7197559-3590-4f59-9ebf-191573294d01;
13587;7053bf0b-67df-47c0-b030-fb9cc5114510;1499164
13585;915fdc6f-0cfd-4cef-99f1-c5b87ee31a56;
13581;44e96fca-fc92-4793-8f01-6e06340897ac;1199845
13579;fc4a4f82-d03b-4022-9311-0622e7f330cc;1204879
13577;f2a4d5b4-28fe-487c-9b7c-f05c2f42f541;
13575;ebbad113-0c47-4c89-ba78-fe6283220449;1190027
13573;a876935b-239c-4b07-bad4-c051f5df3217;1189806
13571;de22f7d4-45af-4cc4-a3f6-58fd3036e3b1;1507248
13569;4e854432-7011-470e-b871-47a66b77fd32;
13567;e172f48a-08b5-48c0-ae9b-37f98cf6d2bd;1217850
13563;19b4b437-074c-469d-9c09-afe76dd4e8b2;1237901
13561;61beb365-7ff9-4fb0-82e2-784273d165e3;
13559;bdc88bf8-71e3-4f9f-8123-9f62fb583bdd;
13557;a9486277-7830-4dee-a776-2b3edb20cc80;1227806
13555;d7ada716-0d5e-45ee-9805-cbb5c7330c47;1182223
13553;77b3e5fb-a82d-499f-a433-67ea606d69bd;1169484
13549;adefa23b-0948-42ea-8960-f87d6031e82c;1515680
13547;1bd89ac9-3e4e-40a1-b3e6-756b0c85bf95;1205277
13543;8ad10c27-d4a7-4e5c-843c-de18cf0b4921;1576682
13541;b2958c9c-bb75-463d-af96-ba11229ce9a8;1214755
13539;37a3f860-e7b0-4c2c-9eb2-b5007cad2c28;1249799
13537;d4182580-48f0-4a0e-af25-6dfb8f203144;1170260
13535;de0cea53-3cad-404d-a334-e5b3fbbd5af5;1561206
13533;4f38bf52-6c5d-4aa0-973f-a5e42a32885f;1702044
13531;7d62fe7b-c425-44f3-974e-271d013e1a33;1213031
13529;2c1a8c82-8ecb-4741-98e2-72a09f24fbae;1759759
13527;120df75c-0c4f-4d46-a338-6c78030dcebe;
13525;ee278e32-eab2-4af1-95a8-aef56406bf20;
13521;6fadac10-fad3-4060-93d6-240b82cd3bfd;
13519;debdd6e7-9210-46ed-af33-f08f270d416e;1212716
13517;1cb0baaf-f606-491d-a5f1-1199b3b24994;1229098
13515;c2437c33-ef15-400a-93d8-19ca9245e4c2;1206665
13513;7d18c1f9-f020-4def-8ae7-4e5c3eea3d38;1767961
13511;2b5a4307-6e02-473d-af53-9c3527eb8add;
13509;db9a53fd-a923-4846-b11c-b1e8727c8312;
13507;22ea57e9-7807-4c98-ac09-87e1b698bbb5;
13505;faba7994-2f0a-4875-a39f-e8bf0b8ea56f;1766574
13503;a31b92d6-5b3f-4c1d-8879-2bdc5aa7070c;
13501;8164f80b-4eb3-4c4c-b730-a7e97c76af7a;
13499;025eff64-7dd6-488d-9a91-74e50fcaf44d;
13497;00ac78a0-37f9-410e-9425-73a746f74270;
13495;b331994d-f355-4b26-9ce1-83ccba1b0cda;1767920
13493;7eaef669-d448-4458-a7d5-636962b309a7;
13491;aeb36e69-d394-4a09-a37d-6dcefa2e6127;
13487;fa20001a-17c0-4981-aee1-d42ffe44c8b5;1186420
13483;b6ae3aba-8934-45a3-b69c-480f2e53b059;1494113
13481;50647a6d-2120-462e-a275-c8f6093daac7;1148356
13479;60c0454b-f48b-4a8a-b60e-67525c402b42;1167190
13477;fcc44cf8-fb7e-45f6-b186-f0e88073e376;1250614
13475;bc39a082-14a7-46b7-8370-babd9da1a0af;
13473;0e0d1a15-aa49-4934-a12b-c8ed342458c4;
13471;f7ed57d2-5c96-4db1-8dba-39bc4d7fa74d;
13467;06657c52-d770-4320-9f5d-e3163468f880;
13465;a6739ba8-6d21-4a91-9816-2e823573e24a;
13463;c800f7d1-9d75-484e-8c4d-e36f5ec0c3ad;
13461;eac98382-8937-4980-a37a-cc8d3a14a7cc;
13457;e26e0901-81dd-4f88-8f88-aaac7f767a41;1209014
13453;ceba3ad3-a249-4cd6-961f-ba2c86a5dfff;1475768
13451;26a4177d-8747-42f2-86a2-4268a162c83b;1179476
13447;cca5915f-20a8-4496-ae70-c4617dd3b241;
13443;bfb26d6b-a14c-424c-9718-213d8af39780;
13441;823d05d8-b91b-4d4c-ad63-ed4b8e0075cf;
13437;30c90ec8-9529-442f-ad18-a2de6ced4b30;
13435;4fa7ec92-9546-44a7-ae9c-8f76d0605263;
13433;1ce39a4d-8cf5-4bd0-8d99-0f1fdd28aad5;
13429;23ad30ea-84e0-402a-afd9-31329f00b4cd;
13427;08299cb5-9def-4f43-b6e5-7c90d8bec293;1785370
13425;d4632fd7-c17d-4cf4-8ab3-19890ceb31b0;
13423;e290e6d9-14b6-4faa-9ceb-09c4fb55741f;1813553
13421;48e654c5-3157-4912-aeb6-357d12e01c6d;1807238
13419;fc468595-ac82-49c6-a4fc-2f5a0c42c8f5;1390004
13417;f2a4d5b4-28fe-487c-9b7c-f05c2f42f541;
13415;d1b2f871-f4f5-4196-9642-e31d0be1f3c0;2011690
13413;bf45e877-4d93-4c4d-b634-7b75fa0878f4;
13411;26c8dac4-3ffa-4141-8e2f-9c2f2fa32cd6;1501300
13407;81b693b2-23b4-4516-818f-0835dd20d20c;
13405;530e16df-f93a-4ece-9764-48d52ce49855;1502163
13403;0bf5c1df-5239-4749-9d51-bfe507e9a04c;
13401;68a818c0-86f5-4c1a-92ab-8ef9a85634e8;1376063
13397;91bd5d37-9b7e-434f-b8d7-da5303c3b414;1552373
13395;86db0c82-9045-409b-ba8a-1157feeb5eef;1380504
13393;2ed6310f-de28-4ecc-9c2a-6f0d05c5d0e9;1379791
13391;8cb911f3-ee9f-4a24-bd4a-4fbe0a2c8620;1654668
13383;3e37c2d7-7cc5-4e52-9af1-50df377cca5f;1208853
13381;0253b556-7670-402d-896c-e5ee297d46c9;1502455
13379;a5e30500-8109-49e7-85e1-f512a7dd1bfe;
13377;883dc282-5373-4ad9-a522-6bd2680bebaa;1205890
13375;2c547c69-3356-4a0f-abba-ab3d672e204a;1183159
13373;2cc60a49-20b9-44bb-8976-9c2dc35066fe;
13371;d04c9640-b6c8-4dc1-a2fa-4e1ae91c7b26;2011321
13369;c9e5d8eb-95b6-485b-af33-fead34de867b;1147653
13367;53d5d7d7-73c1-4c7e-8774-7ea8704a8cf3;
13365;e0319345-122d-44aa-b37e-4c6fe9935725;1376087
13363;17c2708d-ed5e-4620-a9d9-e1fa7a98fd3a;
13361;c5ee1056-f36a-4ee5-bd6d-a4483aa14e51;1375591
13359;1593360e-c06f-48a2-b1ab-624bee318dae;
13357;84d16673-6e05-4849-a499-488bbf978979;1418455
13355;20b16cf5-e522-4c67-a73d-7c762948057c;
13353;b56e1c3a-5f74-4148-a843-ceeba4f3eabd;1930623
13351;87744872-2fb6-43df-9f65-84afd02f45f6;1375439
13349;8914ab0a-a193-4888-839a-2b071cdeb194;
13345;b9f6a90a-fbab-446e-9230-0c4820a1b9db;1742180
13343;a6606908-d825-4eb2-b87a-b3045d11b971;
13341;b14d5d7d-8ff4-47d3-93d8-57e1ef8b17a7;1257830
13339;767bfff0-8187-4c74-9e4f-7f5e3a919d31;1374260
13337;d9ece23a-d9ab-4d3a-99e2-371b616426ac;1369811
13335;1069630f-2c0d-45f7-96f9-b647798094e2;
13333;46cd45d7-5563-4657-a606-e4cb90b3c303;1386328
13331;75b4143e-b797-470e-af71-a00e6821903b;
13329;f8d73c68-90d3-4636-962b-82af8ccd6b36;1450190
13327;5350515f-be05-4a51-9fce-8c6793ef58c3;1294128
13323;78662044-1df4-4020-9acd-c37c40913b51;
13321;ab78a312-dbdf-48e8-92b8-0dc9f1800e25;
13319;ce189046-3e52-4355-b390-40fafb9270ff;
13317;f93ccb2b-f485-454f-b793-2d0918d1598c;
13313;6d5c79d2-4783-4192-8298-91f6917af37a;
13311;b4b566c1-04a4-4c8a-8ad0-c2ae3d55b9dc;1458752
13309;f75d121a-c4df-4ab2-b30c-7d78c298cd16;
13307;7beb9d06-a99d-48ea-a4f4-7dac336306bd;
13305;3e074b22-bb99-4d55-a902-8b019fb11537;1432323
13303;2844d621-6adc-438e-8e5f-22be85d5d0f0;1596502
13301;49d7f827-132f-45b1-858b-8b6bb1386735;1244885
13299;f1c4abe7-289f-4dc0-b2e4-5cf95aaa07e6;1700547
13297;f396385c-9513-42b1-b16e-cefc8bd2a087;
13295;0a66a75a-93ce-4947-a05b-aa3b2dc9935f;
13293;d14c2677-a431-47ec-80ac-8870518d78f0;1328745
13291;0ed7c216-4dee-4649-a431-591baba78cea;1364114
13289;30ff2abc-30ac-44eb-be42-21c755b7660a;
13287;fd89efa5-4e4a-4ff2-b3e5-f1120bf10863;1364089
13285;b6fa674b-474e-414f-998c-0a29c7fb5dc4;
13275;7a66d32d-46b7-48a2-9b01-75a6fbaae3fc;1437214
13273;071cd401-9e93-4c36-895f-f8c098b6790e;1146731
13271;b455db59-1007-4f4a-81e6-33e3580608a5;
13269;e08990ee-95d2-4059-bb10-d2d5a60e0165;
13267;b59ca2be-a607-495a-a67c-d994d80f6ae3;1571021
13265;772832bd-a3f0-4c99-b2a2-3722d176465a;1358941
13263;cc293a3f-3cbd-4527-8960-7808780de274;
13261;4908f592-4fcd-4f9f-bd6b-928c16b021dd;
13259;53599af4-9e7f-436a-b3aa-c3016a69643c;
13257;2226469a-a332-4610-add0-4648aeba001d;
13255;9568264e-b319-4166-b8e4-1bd503f1d7b0;1189728
13253;11781a1d-1e6b-4cc2-a16e-10f74b430366;
13251;1d5b3eca-2f4a-41d6-b1eb-28e6a5f90c7f;1201196
13249;cbdc9659-4350-455b-b3bd-b4b7e904ced8;1242389
13247;a9a2291c-3999-424e-aa68-f883a17c15a0;
13245;fcfe6278-869b-4e50-a9fd-f6f10bf25ada;
13243;ac70f5e6-8619-4142-8ba5-85fa650e2abd;
13241;e67203f4-9687-4ab4-a514-d6d7ad7c934b;
13239;4e93c3a7-0db7-46da-955d-fe8f2fc3450f;
13237;095af36d-aea2-4388-82d8-5c5bea969932;1317875
13235;adac0938-9723-4352-9a72-a32ad0e0caf2;1644601
13233;a5465caf-6efb-430e-8e76-ff6726667e20;
13231;b94a11d2-3c84-4e07-bfa4-de32faeecd87;
13229;67a17179-9928-4961-8fb6-ee615b7341a4;
13227;e19d3d5c-689d-4069-9be8-3e842692f828;
13223;e3525f2b-c7a7-4a27-8269-0e5008370997;1179293
13221;95e58022-636b-41e5-a1c2-377a1c9a16ca;1589367
13219;4ceed143-8ced-4052-b173-418828edff15;
13217;7e09ac9f-2aa5-4daa-b3c1-d0c5414d130d;1244959
13215;4582ae61-6206-4f7c-a836-7c9bb1171805;1858030
13213;ed715c89-527a-4aa8-8778-38cddb714fea;
13205;4e3d736e-a896-4960-ba7a-6861396e5e41;
13203;681add22-037b-4a0f-9377-2208ce15a4d8;
13201;7c4a151c-32de-4a36-8b59-b7c5e66638b2;1192048
13199;b7d5492c-390b-4a45-ad9b-227142e492dd;
13197;1ba44d62-af06-4bb9-b164-f8b897518c2d;
13195;9318f3e9-fc3f-4ffa-ac67-7dac7dfb6c17;
13193;a150087d-cb51-4c88-9e2e-2e6619586f3b;
13191;efd8e7a0-b8dd-4aa2-a5aa-561ef3d6289b;
13189;196e482e-78dd-4e1a-beb7-ea878eb1806e;
13187;2f695520-2372-4fbf-9283-15d25682cd74;
13185;0f57ebfa-83ab-4b35-afa3-e5812ad1de52;
13183;a9ad9854-a827-4738-af59-bb239f41ff20;
13181;f240109f-1dd8-408c-b910-9f3e9bad3440;
13179;f7138d04-1a01-4063-af4e-36061d88b613;
13177;54c29a83-dbd5-4c51-a07d-1dcf612b69ac;
13175;c87e3ee9-8f67-4f6b-814d-e1474dd0f2fd;
13173;e30ca18b-2d94-4ceb-b3f2-ac59b62bfe76;1235294
13171;5be196f4-2bd5-4960-8bb9-a971c9a126d5;1226583
13169;c2b7bcd1-a472-4a6c-b044-d22e377c8e68;
13167;a2b00e40-9254-40f2-af87-eee55ce1684d;
13163;3eb6a53d-62e6-47e5-8da8-56a8b2874271;
13161;9d13b0cb-5e0d-4f37-92d5-f9c0130e0338;
13159;325bb558-0a69-48e2-b17e-89b86f6af913;1214673
13157;3267cdb4-d3b9-4f08-9329-3e8fff695b3c;
13153;bc8a67e0-ca97-41da-acba-895898bd2be7;
13151;416f63e7-ddc9-4a82-ae1a-31db931a4069;
13149;017bd9b9-e4ab-4969-b9bf-f5fd47580254;1797824
13147;1c40c0d0-b7b4-4811-be56-a65388a549b7;1229921
13145;a9f9a879-4de7-4a8d-a778-21acaa9368f5;1619359
13143;51f3b4cb-4497-468b-be19-ad06b97ce676;
13141;b7e2cf41-56ac-406b-888a-e8cebc46a523;
13139;6ac12927-58cf-4340-b751-61796e433ed8;
13137;adaa0132-ae58-4ae9-a3c2-84f387c40735;1364155
13135;2f0bbcf5-953c-49f9-93ba-22fd755e0186;
13133;cdf15280-c530-4ab3-8897-f7e69a953bb6;
13131;69866571-c6d7-486b-a955-fab2dcb19254;1198643
13129;194700bb-6e01-4826-97b1-b1df0ced868a;1242658
13127;7fe9fac5-d36c-4086-8584-8bbcea7f7537;1857410
13125;17f8068b-3c82-4584-a6d9-6c439f1a45cd;
13123;57b537b1-5f95-4a66-8c99-d634abd00390;
13121;e04dd32e-83bd-4595-aaf5-b3d2884c42e6;1571446
13119;99f89949-e174-406f-94b1-0c05133d7a55;
13117;3436b6fe-2d12-4cd7-8fb7-c4ec49ded98e;
13115;55510529-6d8e-463e-9154-90a39a9e5262;1780122
13113;1c036c49-7088-4828-ba5c-9e57befa40e5;
13111;83a8a703-0aab-4604-9381-e5ca03ab3e8c;
13109;b02a02c1-3902-4493-a000-02ee054ce67e;
13107;2d3e56d3-c5ae-4384-b45c-b59d5981dbd8;
13105;2a8c1b86-4992-4108-ac2f-72af0284f6df;1586076
13103;47da1561-d4c1-4acf-9057-45b6ffd2d610;1803330
13101;0355973c-ba5b-4885-88ac-47e3c2f43691;
13099;ab06296f-8284-4c04-9a95-121773cac775;1844971
13097;fe9aa80d-6afa-46f3-a5d2-95d2ebfc66c9;1168195
13095;95e3c205-6baa-4a0e-abb5-df256aa09741;
13093;852d2ce2-904a-47f8-9ae6-f88075f5111f;
13091;ba91dd5c-5b9e-4e7f-a944-90229ff4d754;
13089;3ab7b93e-6ad4-4940-819c-047d2bcee5af;
13085;dd49d833-7c80-4cfd-9138-5876cafba570;
13083;48c60fbd-f855-438c-bc7a-ae3a49a9a3b8;
13081;22dd934a-f15f-4856-b9b3-ff6254d282b4;
13079;010532a5-5815-4aac-b692-7d1426c95add;
13077;f423006c-dae4-4f9e-8784-1d34532371bb;
13075;0efee2d9-31b1-4408-8a75-1383bcccf1f3;
13073;a222e118-13be-49b4-8c2c-d7d2ad11d31d;1241930
13071;1a2d9b1f-288f-41d4-ae25-4db613214538;1223860
13069;b68d8551-8d3d-4602-a0c4-88195c2b0cd7;1189646
13067;057b8835-b98e-4e77-babb-780ee0034e95;1356590
13065;4e2ee6ef-eff1-4b0f-8ec5-44548da0ac79;
13061;3ebb535a-8deb-4cb1-987f-b41e08e4da5d;1356345
13059;81b73ed0-902b-4a9f-a4f4-de6812820493;
13057;a2adfe8a-8f99-4567-9237-c5481272aa27;1198623
13055;46d37674-b9fe-41de-8653-45e09849524b;1241778
13053;5f0c9bd4-d776-4092-9754-f69a7e4c9345;1167217
13051;77567989-361c-4413-8ec5-ce23bc967850;
13049;d4dc3d9f-64bb-4325-b483-4af3beecf56c;
13047;5630eb22-3bbd-4106-bcee-6ba0cbdddb41;1255843
13045;56a55d18-ee5b-41d2-8907-1f729a236c63;
13043;5787d32b-1127-4fa4-88c4-f2031cf5be45;
13041;e5154de6-b9b0-451c-a305-a7032d3c1d0f;1321350
13039;542bdfb0-c722-4c02-a6a2-6cac6a5f532f;
13037;17c49654-ca1e-47bb-a490-0f1e716b7b8c;1841508
13035;dc7f0117-bee9-4645-8217-04e28f532cca;1777600
13033;106bf900-a119-4dd7-91bc-5d2cc239dcef;
13031;3c5346d2-b2ef-4759-8201-50d7e15a448c;1169450
13027;2b92f393-9685-4b44-b9ec-579ff8c0f0ed;
13025;8f9cc5ba-ad92-417a-b7be-1c9d7d829011;1186363
13023;5beedf06-2269-4d5c-8f14-c44330c56dc4;
13021;3cbb3812-bf66-41ac-8a3b-eb568ba284de;1930185
13019;04a83a86-fa37-4f8c-81d2-246ce7bb63c9;1189610
13017;5039a2e4-bcdb-44c0-9d2f-78bfe74deb65;1596815
13015;6f01af63-fcb9-46d6-888c-8c6432b11a86;1241301
13013;dfdbe154-884a-44aa-b444-519ae5c2ff77;
13011;13924386-9eb9-4e09-914d-7281da1bab9e;1353263
13009;0035b974-6d65-4cd0-a49d-0f101ed32873;1561213
13007;f58bbd8a-544b-422c-b3c6-8773093e5dfe;1223642
13005;60498a47-4685-4286-9b74-043980e758e3;
13003;4c9802a9-240b-412b-b237-23113167e35b;1795340
13001;840a9282-3a57-4d1b-923f-59639410226f;
12999;0d170d29-1c29-4852-88f7-4a9868d28acc;1252082
12997;0e70f953-1def-4042-bc4f-eeee5915e771;
12995;edeb55c1-68ab-4457-ba27-d5fc0c656ee5;1352732
12989;3d2fcbd3-2b49-4f36-8d07-cba31da26ae6;
12987;8a3fedfd-ac8f-4528-92a2-fd1723cd3739;
12985;4c5e4d04-c066-43a7-87aa-1b6f52da6115;1251114
12983;7af604fa-506a-4b50-9ea2-53c35beef9f1;
12981;42b31d3f-f7a4-417d-a5df-e596d2b86fb7;1168749
12977;52631d41-a19b-4dd3-b7c5-38f2306fd856;
12975;8e9e3b27-61f5-4ce8-87ea-6a203207523d;
12973;b0433567-3f95-4f14-abd8-e1f632e974b7;
12971;1e023310-1190-47a3-8db3-32f95306c49c;1182934
12969;4c5cc81b-8216-4bcd-9f4c-adac14338494;
12967;426b44a0-95e1-4e10-a60f-e03f8cc49b03;1250635
12965;84433a0c-e1f4-4139-a131-878cf09390e5;1205867
12961;e4fcc56b-e06c-4e7a-8eaf-b401d7fe4cea;1251388
12957;210fa851-297b-4909-8c9d-7c303f8ebcbb;1258789
12955;b695473c-3569-4177-800d-47a3b12c5b39;
12953;5b867bd9-7770-41a6-b07d-3dff188ebc4d;
12951;00352eca-3870-4a21-8cb1-8a6542168d2d;
12949;8048b7cb-2a38-4301-bee9-3d50301abfc3;1219989
12947;b6369b10-53fb-4cca-8854-28a0fd59f4c1;1611544
12945;b8dadfec-cca0-4703-836a-7ad2ce0a4676;
12943;77078749-d6e3-43f5-b115-ace766e6add0;
12941;32c5bce5-f8fe-4e68-9bd7-9a349fd86854;1728950
12939;8b65f5e1-cfa7-4959-b38d-58eb1f4abbe1;1295293
12937;e897c06e-ebbb-4b9e-9551-410e195a6600;1252083
12933;0a29e139-32d8-4e66-bfad-bbe8e39ecf55;1247274
12931;fa561792-03b8-4772-a12e-22a20176768b;
12929;04cf48e2-b28f-40d1-bfa0-60a2afe53a5b;1196234
12925;259d8a40-4d61-49f0-b535-a7c92da0777e;1220167
12923;bf70afd5-ca8a-48f6-94d2-f80dec940fe4;1250607
12921;e0127d74-aece-43dd-889d-d2aa645fbde2;1170877
12919;4185efea-e324-42f6-908f-b8d5762b4f59;1168602
12917;3b729093-f1df-4bb3-b8cb-5af3f97e3685;
12915;faa9b823-57b3-426d-95c3-a46d2eaf52de;1176221
12913;e44a1c08-9f2d-4572-9c28-f0f133ca9a13;1237903
12911;2d1bace8-da92-4ada-b0d5-fb3cd3f82e11;1169447
12909;1e4f099b-8f32-4311-81d0-3de4f328c3d3;
12907;b09c59d6-1958-4fc9-9de5-043b49397c37;
12905;f798b6a1-8c6e-4eba-b6c2-8718a039d803;1170328
12903;8f988f26-05bd-4e28-ae61-584b7706dc00;
12901;1f146559-fd14-4a0a-831a-c505c940814e;1176271
12899;4b91319d-e68b-4803-9825-2463726b493e;
12897;e50a35d1-3041-4293-b7e6-e8d25e0b7e78;
12895;12165473-dfd9-4e33-bef6-85e5be0110d3;1190734
12893;ae496664-2dd5-45e5-900a-28b323045061;1240983
12891;48e862a5-2fec-4295-b323-524d7be0650b;
12889;31cd291c-c538-4be8-ad94-ebcc6a51e6e9;
12887;817c0972-a957-46ca-8d8c-a7b207d452eb;
12885;342ab7fb-a1a4-4cb5-9850-21fce5767261;
12883;248dada6-d121-4ccf-ba43-30f75ed00d0d;1180872
12881;795891e7-2603-4566-ab40-a9415205eb05;1252074
12879;e2b97d41-901e-45f1-ac28-8230a483bc1b;1834486
12877;c4f772c8-6450-401b-ba2c-ab6b26fed764;1554163
12875;41c2f5c7-bc11-412d-b3a0-b215354639d2;1794792
12873;f8d2bca0-ac6f-4798-8ce8-959d9faa18f8;
12869;11d7c57f-9b92-414a-94da-ea5962edcfd8;1223659
12867;a6334908-da65-45e8-be64-224200fb8752;
12863;db1a3d27-cd1e-4313-85f8-cac28a339ec8;
12861;74394268-269c-42f4-bdae-072b07d46f35;1668680
12857;ff0165b3-4ba5-44e7-a057-62e876a54756;
12853;9b8acf7f-9d87-406e-9909-e064674560ef;1217626
12849;b2f18b6b-1993-4223-90ea-e0849d98a691;
12847;dc3aed86-9ab0-402b-9d01-402be5d87ac4;
12845;235b7d16-a658-44cd-88b8-ffb7943d037b;1340918
12843;3c1402ea-673e-4e56-8c63-6ada505ca291;1214026
12841;5c8226a3-15d4-478d-829f-3a3595c2092a;
12839;c234b367-e31f-4a44-b165-c33682001c4d;
12837;ab5a2580-8143-43d7-94bb-a83e01930c02;1237907
12835;93172c11-e417-4254-a593-c666bd2e359e;
12833;a14533d8-8385-4790-9708-25237c03f4fb;
12829;2518029b-fc6d-47e5-8dd4-540c61c54c8a;
12827;f3e22880-bcf1-4028-9b76-f4f22df71bb0;1250585
12825;da9162f2-ae67-4013-8167-0cf3acf52f94;
12823;681ce170-c428-4599-9d12-f5893136a2a4;
12819;5419d44c-8171-44ef-83d2-c4fee92e48ef;
12817;92d79327-75fd-4299-b8cf-410ed6207296;
12815;36a91b2e-27ea-4529-a4df-56ce318f99d1;
12813;8670c55f-e4b5-43e4-898c-dbb835ff32e8;1249689
12811;3bef5ed3-0781-4d8f-9825-235f8afdae72;
12809;94fec5e1-be05-4880-b138-93838229dc84;
12807;52bef293-3a06-4e94-ba40-7db59f05beac;1331446
12803;d1e7e5c1-bc1a-4f0a-bfb0-cf197cf5b9a7;
12801;4af2e76b-31c6-4e36-b24f-3ebb7c3fe105;1549109
12797;109e2a72-c792-47ac-9f39-37bf09b75e92;
12795;97fa484b-5795-4e8d-905e-6db6691ddfa0;1431033
12793;c3693732-b12d-4b44-a798-155431f15060;1350959
12789;584731d7-a4fd-4406-8ec9-911fc52221d1;
12787;ed40803a-6720-4cf4-9686-0e2940fb2e16;1255555
12785;13aab1a4-5062-4054-8b41-251a23729079;
12781;e67084f7-4aa5-4968-8feb-918ffb930e67;1238118
12779;3d60da0e-cb48-4978-aec6-83f6877655a0;1238092
12777;d45a5619-7911-4a97-a570-f5890e038717;1293571
12775;3892fa58-1d42-49ed-8458-c2fcece762b2;
12773;7a21adc2-313e-4498-823d-4c12fe629cdf;
12771;f340b936-98db-448f-ac1f-84ce41c3ea99;
12769;2fe014eb-22bb-4e2c-bc52-2bc4dfae5fa3;2009112
12767;fc07d706-8f35-4e9f-a10f-292965270f91;
12765;dc991fc9-ed6f-4c72-a0eb-195f0a1018d2;
12763;6a36ea7c-648a-465f-a1a1-8e8a66ed9f04;1997294
12759;ce8a5438-8c45-41d1-80c0-d27673bc39e4;
12757;a0cf66d1-9645-4c5b-9e38-5f6f55385d03;1635112
12755;7854880a-2f0b-46bf-8b82-ec2b7ee61021;1525824
12753;c015f38a-c3c7-4293-ac29-b4b5ff36fb7c;1249032
12751;55e50115-e62d-43e5-b9f3-68dc10d0f828;1316951
12749;9221b69e-75cc-4233-aa8b-9a4db78f558e;1148397
12747;ae47d8fc-330c-483d-afba-5e87c74d2cc2;1205105
12745;b4407d6e-080c-4395-9918-9d5ac5f20a89;1182793
12743;d5d98d90-310e-43da-b306-2bb3dbb63bd0;1265065
12741;7ef85873-f095-41cc-9b89-7471215873b9;1228852
12739;d095a5c5-ef6e-4358-a09a-8cd66c74b8d2;
12737;bea1f426-6cf2-4017-b050-9c658c0152cd;1264825
12735;684894c8-674c-4117-880e-c06282d6d0f5;1147648
12733;793fddef-de97-43d4-94d9-c1596df0d2ce;1176218
12729;c0a28f84-c2c2-455f-8275-dbc3b82ab629;1250316
12727;97ed041f-24d2-47cc-99f7-581596b4db05;1276106
12725;88ec7ffc-7038-469f-86db-f60f6c0c2471;1233740
12723;117cefc2-494a-44e6-8e23-09373d7832be;1331437
12721;c6f2b7c0-16f0-4e39-92ca-5cbb290e522f;1234893
12717;fc143a55-6e94-4363-b151-4adfa40f07c6;1328547
12713;e36f492a-44a0-4192-a0b0-c6c4f481ed4d;1234781
12711;4ff1e65b-d965-457c-a050-ee77e81815c7;1328735
12709;aa0aa45d-6d02-4166-b925-a85468cc5a0c;1267114
12707;d86aeb8a-67a8-4bfd-a8d6-b10f147e9131;1265701
12705;7080e9bc-0538-4070-bd10-3cb2cce29e19;1256401
12703;69f4189d-f8db-472c-8506-6fed8173e8ca;
12701;3b79281c-1547-4715-a834-8160535320ce;
12699;e3b1e459-c5b6-49c5-8bb0-d25198b9ba3e;
12697;7b109eb2-3470-483e-b2f5-6fefd2cf8c0a;1913849
12693;409403b1-edba-4f41-8fec-71b5fd491611;1205301
12689;4c06439d-5b97-4b0b-8b75-b6727d4fe3f3;1350568
12687;5e9d79a3-a159-4873-a092-865e8559c50c;
12685;579d874c-c95e-40a4-8d80-3c82d633ad7f;
12683;a30de52f-4750-4634-8561-3a94191a0979;1274244
12681;4c0b5ccd-676a-4738-9d80-4b2e327319b9;1492250
12679;efd26986-322b-48bf-bc21-062c7e18a9ec;
12677;d4f9c541-475c-4a97-9d03-30c9fcada47f;
12675;41e3af18-de4a-4d08-9f1e-63c01048294d;1352867
12673;b4d3dd75-9def-49f8-9863-b659301b49bd;1273298
12669;7e565f7b-18fe-47e6-8a29-99f95e0771f1;
12667;ea327ab4-9dbc-48b3-a327-8f095bbc2bdd;
12665;39693a35-777b-4b9c-a428-744283f666df;1350463
12663;924e758f-88f9-4450-b856-3dfec7144224;
12661;32220d4e-58d8-464f-8805-d0cb01e09d72;
12659;ca2fc421-7209-44a0-a40e-17cf01939e7d;
12657;f5b39cbd-5b3e-4d85-92da-f207dffbddee;1269905
12655;a71ca7b0-5d3c-481f-9c1f-d78e6e3336b5;
12653;27db7d7c-8ea3-41b3-889f-9994f4e8a8ec;1853793
12649;9efd4175-7867-4317-955d-e2e49a81b625;1234747
12647;10f3be13-8c87-4446-9319-288ac25a52e0;1513616
12645;20e16fe6-c88e-4cef-bd1e-11a6c0c2a989;
12643;10917db1-72bb-45aa-be8f-109568801ba4;
12641;180433e6-d074-4c42-a0ab-c4c03d550ab5;1793001
12639;193db05a-3a7c-4600-b1b9-cadc2b23ba35;1823562
12635;40e59125-c0b8-45b2-bc93-aa0599d9b14a;
12633;d84ae359-2447-48e7-9c26-b943fdb14943;1449937
12631;6d136665-b2ab-4ea3-891f-5b0e52e978c6;1563027
12629;e0640e04-d2cf-4268-b83a-a51187115601;1350127
12625;53c94ca2-c78b-418b-a244-08634cc215e7;
12623;d2e1638e-1443-43cb-8b47-b75a74acc144;
12621;86611d1a-edba-41b3-a5ef-c439bc4a94a7;
12615;5485d842-2cda-4333-ab27-154f146c016f;
12611;7f8df954-93bf-46ea-ac41-137753b3442c;
12609;48ffbeb8-f37c-4786-8dd7-695f35598dfa;1234535
12607;b19651c9-3281-4d6e-bd22-56b5c771b9ab;
12605;340413d5-b239-402c-80fe-4b5a63c215dd;1788935
12603;b65de961-824d-4bf2-8bdd-b2b69014e9f4;1264211
12601;da02f012-f1a1-4d2f-954b-9dcd459d7947;1261767
12599;2f655ab5-8e31-4376-9722-85d434f06674;1271237
12597;e3c40860-0183-47af-a263-da8408a37dc5;
12595;3c06f96e-a53a-43c2-ac55-1e116304955d;1146845
12593;0120d03e-dab5-4834-bc31-90492a4e159e;1166567
12591;4cfa0a44-cfba-453c-b499-c6dec3742c9f;1350131
12589;4fc524f6-39e0-4628-9deb-aa64a297f42b;1562360
12587;82b064a2-2a0b-4231-a20c-cf0cdd5f6210;1228840
12585;47e5f753-7db4-49cc-a0e4-cb74022b6c45;1253525
12583;74ea799d-2170-46b3-9686-643342d30c24;1236926
12581;9d535b9a-87f6-4512-ab8a-2d975849407b;
12579;d5da47e7-3d1d-4cef-b2a8-c337d1fe8497;1818959
12577;17d6f1f1-7b4b-4533-9e7c-b7b0982597c5;1556085
12575;53971b87-cf6d-4907-8df9-5254c6a4481e;1335561
12571;cf54faee-b22f-42b0-9867-54fc0e7d7dd2;
12569;e929bd2c-9888-4b5b-9197-1fcdc39fd762;1169473
12567;e50fa277-b84f-4ab7-a72c-b7c4b96965ba;
12565;16ce94ee-1ab2-400f-97fe-f545671d03f7;1536159
12563;21c33297-0066-423b-8a82-7fab07d4fdac;
12561;618f9264-6b4d-4f3b-9be1-989ecb5eedd4;
12559;e4dea4b0-4827-4a8e-8daa-613e1ca8c38b;1317129
12553;bf3f5a99-d302-4f4d-ae59-7f3eeaf30233;1723875
12551;70a316a3-6358-4449-ac9b-13e453141612;
12541;5f8c1cf4-8ffb-4060-af3e-8b4d64c0bb9f;
12539;96d2ed06-dd44-48d4-a7c8-3ff8d30a8b8c;1186364
12537;b049413b-d338-4939-96fa-bb420d242b3c;1254486
12535;bd5a24f7-9065-4d48-ae20-1fade814668b;
12533;97a6ef4b-643a-4301-ae65-a3e92cea4a2b;1268306
12529;9cd32506-7d68-4e7d-9abf-832c25d62a86;1292683
12527;3fb1ce47-7798-4e68-b0bd-7744a0b0bb9e;1180913
12525;d928e73e-3ab1-4ca3-b4e4-b1ef87927d9a;1261251
12521;410f0de9-6d96-4e68-a21f-e24736abcf80;1571430
12519;19ab4901-8cbc-422b-b7fc-058006cac7e0;1617171
12517;f5d6fecc-f40d-4e7f-8588-f6bfd53a4419;1254959
12515;1c613f7a-265b-40ca-8d55-6245187a8589;1317116
12511;3f49a202-2d9c-4671-be52-48c79ac73284;
12509;26b4da47-79cf-4317-bd1e-96b4849ab1aa;1754119
12507;c51b1eff-8d66-4936-a900-0cf2073b1216;
12505;5f78af23-7897-4316-8220-b8fe0ecf848e;1809241
12503;468839c6-37a0-4583-9b85-7641eaf61a9f;1767957
12501;35c65519-dab1-4d4c-b47f-18aef1d6c6b8;1265780
12499;632fdad8-9843-450d-a7dc-2bb9f4b2569f;1412209
12497;af659400-2485-401a-a6a7-9c0ffb693079;1198613
12495;e066d749-b0c8-4c8c-aa7d-d907020011bf;1799099
12489;09b46724-1b01-421c-b151-09eba4a06a2c;
12487;bdff3bff-cc76-46b9-92cd-9b84a3ba2647;
12485;ae9938eb-4dcb-4fe3-8d98-76822aa118d0;
12483;4727c62f-0e32-4182-b4bd-9c7edc2fc267;1265925
12481;3fb3b514-281e-4b89-b1cb-cca520691f4f;1205232
12479;d95e8bbb-6b01-4337-aa66-977831a2d6b4;1261219
12475;08174bf3-4b1c-4269-9a01-7290a2fd4a2c;1234027
12473;32b5eb6a-f64d-4978-94f5-479061c41e87;
12471;1f308fbc-4317-4b30-8ba1-7ab3420ca2b3;1473414
12469;7dde5fac-b002-4835-bef4-509814926a60;1581726
12467;3a2eb9b9-ce69-4917-ab2b-4d66549499d5;1293417
12465;ab50d633-a57c-4d21-9549-cc6fbd3e490a;
12463;6a51e74b-f2a3-487f-9d26-290b71406a29;
12457;5846ff74-672c-4501-b3ca-92eabe0b4cee;
12455;a2f0f16d-c12a-41ed-97eb-11abc5187cab;1205259
12453;7359a4ae-e07d-40e0-882b-3b963d2f6012;1267466
12451;27115696-46eb-411e-9201-b3135a7f4df9;1793143
12449;026b7cb4-1421-40f7-a85a-b007825d83e2;1261791
12445;ab836dd2-f065-4256-9a24-9b451938c926;1254490
12443;e4d7f189-7c2d-46e8-93a1-0ff23efa56ab;1615113
12441;55b84eaa-8c50-46ef-bb08-f2721255e3d2;1591985
12439;e20bf8ba-0c44-4680-906c-e4ddb5505040;1236571
12437;67ab07c3-871c-4646-9cd5-ef1b14ba7652;
12435;f6182e50-af22-48d8-9743-2cb41b14f3c0;1170284
12433;ee2a1e68-9884-4f19-90d0-e3be15c86933;
12431;dd52caff-bd6b-4c9b-b2fc-b1f704ebe4e9;
12427;d54bfef8-ec35-41af-add4-5e978bd780ca;
12425;13642f65-3d3e-40f5-a56c-dbb169a7260b;
12423;02cf4cdb-6001-4947-89a4-cb9792085bf1;1264824
12421;613c641b-e9fa-41f8-92a2-dbb61c1e35ca;1259869
12419;725ea9ef-8fd5-43c0-a1a6-cc93b0ac99de;1794799
12415;a223905d-29c4-4bd8-a4ff-9896bd7e44d1;
12413;e4eb5f0f-f4bb-49f8-9fb8-236eac96e943;1176191
12411;8808375f-f80f-455a-bf01-28cff9359bcd;
12409;e2738715-0aa8-49d2-8ce4-8e960bdcc330;
12407;ed1d27a3-0f4c-43aa-90ca-bf5cbc4e8bb4;1794807
12405;93d23807-ff1c-4507-9c8f-662433a9c42b;1259030
12401;4f24649f-aa5d-4d18-939e-c4be8be2b589;
12399;8a06e74f-18d7-4034-a8be-a4d672d4c317;1843069
12397;748fef6c-fa43-453f-bede-0eed459af1ab;
12395;72b3ef5b-f277-413c-8c8d-c45e021ba9ea;1200038
12393;8bfbd5ec-3f72-4c37-a893-f7377b2a33d7;1794931
12389;c1af2975-ba63-415c-abf3-c0071a1a2934;1250289
12387;ecac8a50-a304-43c9-ac84-9d8ff81253c9;1487956
12385;15324731-4f33-45ab-8a80-d2f4e8d4e628;
12383;5337b3c3-aca5-4b17-8361-95b876092a74;1956322
12381;fe252bb9-f418-40bf-a98c-1c2f2cb09e2c;
12379;f05102a6-349e-419b-b570-1f63e0ea92bf;1208673
12377;bbccfa13-fd83-44ff-93ae-06a790bdab7b;
12375;4bfd39c1-fdba-445b-a7bb-791d616c2efb;
12373;0c508450-7461-4e47-8e48-85a5db48e9d2;
12371;af6ba497-cc8d-4033-801e-8fc4c13e7e45;1193971
12369;350fe3e1-ccf8-4884-bc60-1e62e98f0a68;
12367;b748697d-d43d-4a7f-bd33-27f5c50928dd;
12365;1fecb292-a163-43f7-bbfc-c7822cfa2ebc;1233797
12363;cc5d1e38-3742-4b38-9703-3abb36bb912a;1186341
12361;e87dc175-8605-4226-8e34-e3d50c03e461;1565300
12359;0bb0a19f-1be8-4313-b634-6fbc5b99a014;
12357;c9028862-aa3a-43aa-8875-5df72103ded9;1586372
12355;b3c9397e-ed15-4614-9d48-0148b5961229;1233796
12353;1550a208-babf-4aa7-addd-32e3c2cabcb5;1190041
12351;97c8cadf-0ed8-4872-90ab-1e409664ffb9;1276269
12349;b4db8842-495f-4ede-82f3-446c34ab16b6;1321159
12347;1d6cbd5b-62d8-41cd-bf9f-a08eda9fabc5;1206180
12345;6c9291aa-629b-4a25-b682-03625db1d4ac;
12339;87543758-87f8-48a4-b332-715f390966b0;
12337;f2f56a59-0ad8-4feb-8dbd-61689b1c22ec;1352652
12335;2bc5c346-98ec-40f5-b93a-0a3dd4ebe132;
12333;70aa03ee-dcd0-4f7e-a08b-7412cd985325;1190616
12331;4b9eb5aa-b244-4db9-acd8-70d10afea007;1682284
12329;e2ca08a6-a0bc-4157-87bf-e241c90ad593;
12327;a98c28fe-496e-4afa-8b48-9dc6d0e5376b;1542060
12323;21d92ffd-9a7c-4545-87d2-591f7602a10b;1767578
12321;035f81be-0a17-45d6-b861-6aeddce463a2;1318555
12319;a7aa9118-1dcb-424f-98b5-ee9a87a3f871;1156234
12317;9b7c29bd-87e4-4fce-96e9-a0632e3444e4;1755360
12315;ba3022b1-530b-4d79-a208-c5e9b2fd026c;
12313;0e82dde7-9578-4bd0-bb01-826223e4f786;1227332
12311;06aba1df-6d0a-48fb-a457-8b7c45e7f6ea;1258607
12309;3a2f65fc-8d5a-4d6e-8aa9-d829d9c47df1;1883107
12307;b1b75830-65ae-4402-971b-dd07cc0d6d2f;1250323
12303;0dff6433-c215-429b-85b0-517ee924c46f;1318488
12301;45dde0a0-feee-48de-9cc3-c67cff692512;
12297;428fec66-2b2e-461c-86bf-7fe9d3f0d958;1445683
12293;c7fe068d-e3b3-4876-825e-d23ef7aab0c0;
12291;c2b2c338-b20b-495d-ba4d-4008d84810e4;
12289;3563ebb1-95a6-4277-84b6-714724c41006;1237395
12287;6734e307-e637-45a4-b8d7-f206332a7b50;
12283;16fda91f-e948-4a37-8a23-627b64e90a34;1309117
12281;e951f709-d8f5-47f1-abf7-d7e51c86145d;1232103
12279;b78df354-c0d4-4f56-90c8-51acae6e0e97;1180993
12277;cc2caaa3-b196-41e7-abb2-2b97788ed6d6;1293912
12275;8c496269-eaab-4ed1-8731-41a78e4ad2fc;1194055
12273;8c488d0f-7003-4593-a74d-c51fbfc51283;
12269;39155ebc-c7d4-4734-8326-a5d798b9f425;1276284
12267;abff5ff2-457c-4570-8937-339b7a1e7cb4;
12263;d90a16c1-3093-4d38-a830-a83c50446d66;1205384
12261;20f7889b-d79c-4bed-a878-d79e26e3c398;1317295
12259;7ca8a319-df33-47fc-97de-4db11965fcfa;
12255;a2bbe487-db70-4051-871c-2a97cbfe1fac;1719554
12253;acdde644-de6f-4e24-b986-97781fe53e94;
12251;cb7b331a-d8e2-4b6d-9305-25586fdd06f6;
12249;e0f332b5-3e4c-4664-b2dd-43cdf2d49515;1264069
12247;7dc6b6d8-7660-4df3-a976-59c9e62c681d;1186770
12245;07768d15-07d8-49b5-98c0-f0f305148325;
12243;f05102a6-349e-419b-b570-1f63e0ea92bf;1208673
12241;9cf1b499-e258-4c63-9d20-3de0e9c68ded;1215001
12239;ae8bfd12-3128-40a1-9585-078086dc4f6c;1498859
12237;83a10c0b-2cc6-4f9f-a8ae-8d69648977ac;
12235;61a6aa87-b6ff-447d-b067-525619a452e4;
12233;3d6c6fa2-73d9-4104-a259-78706c09eb1c;
12231;a8ffeec7-80de-4cc7-b61e-aa87ebd20438;1276291
12227;c11f657d-db6e-4705-acf2-c6d230dac5b1;
12225;d8ecc6e4-8022-4a4f-986d-a766caa04182;
12223;0c940141-f114-4620-b51b-aa1d042b2beb;
12221;0ac5efa2-30fb-4cf0-9ed1-b8d7b8fa61bd;1241091
12219;4a1ed424-4e34-42d0-ab14-c351a808378a;1275796
12217;08ec2665-a241-4402-896e-9f0102d99284;
12215;63596bb8-3974-4f83-956a-74ed0ee18271;1170904
12213;7410f2de-0137-4765-9134-90b0daca3c44;1891363
12211;6dd96e62-5d43-45f7-9b7f-2e0ea247b4de;1237269
12209;e7ee18f3-2563-41b4-836e-806411f75f55;
12207;a4bc9782-9e24-444b-b51f-12915a36732d;
12205;f86bacf5-d95d-43f4-988a-a2545184aaca;1232576
12203;dc7a5f16-958b-43ad-bed2-32dc12f94d78;
12201;916a4981-f08d-4715-bbe5-fbf513c3754e;1191421
12197;7862e845-8d38-4893-81f7-4432fd2a6706;1253600
12195;606be5ec-3ead-4673-9fc4-ec3c8015d6e9;
12193;3d641884-ef49-47a7-9819-63c70e02327e;
12191;057be4b2-910e-4e48-bdf5-599438b95b58;
12187;965ec7ef-4a7b-4b49-9832-1131749431ce;1236919
12185;bdd3e03f-c669-4857-9676-64d08fc54f94;
12183;72f8af03-9fc2-49fc-b536-8b3c93b8dbe0;
12181;463e5fbd-1501-4d5c-b2cf-26075dabe37b;1247458
12179;fc82e126-a300-4ab9-8f66-f08cf6c5535b;1232378
12177;af4001ed-b46f-4db2-89ea-5e578b1c4acf;1189783
12175;e9fd2570-c53f-4fe2-81f0-84584441b4ba;
12173;bd2e45e5-db38-417e-92fe-d9db66724e5f;
12171;24e6cb6f-6de2-43ae-a987-2d4890ec258b;1269772
12169;2f6e59a9-09d1-4456-8e3a-99b32f450ac2;
12167;eb297a1e-e4d3-4944-a95d-0fda2e36e379;1170265
12165;827587b6-75ce-4293-becd-31b87ea5fa71;
12163;a113d7ec-efdf-4fac-b928-a523084d7a1f;1312074
12161;a0468912-a580-4cdf-8a7f-e2f12259dff0;1545518
12159;8fd6f8b3-19d9-4888-b9c0-1a05a0efca1f;1221091
12157;f228793a-ec89-4b6b-a372-a564a5cc7f99;
12155;d74d69fe-74d8-40ef-8aa1-447e5e310500;1232292
12153;4f263fb7-4736-4992-9ec6-9420aa4d30b1;1189993
12151;fda01d4e-ee12-4741-ac15-18dd55e4538c;1583679
12149;61b87fb4-59ee-40f9-89b1-80da4b4c59a5;
12147;d731b5c6-0e8f-4de2-bc1d-f2d4fe874a5f;1255782
12145;a6d4ea08-e340-478c-9554-377522fe6899;1232422
12143;19d5e774-60ce-418f-b5f6-3134a716d6f9;
12141;0e9b7dd6-ea07-4777-8a06-0fa54d137140;1205236
12139;8912e47e-1951-4e36-8e8e-af151ebe3529;1176147
12137;dc224b53-87b3-4603-9862-16bec461d68e;1260586
12135;187808b2-e0fa-4597-a2d2-1626934b3c4c;
12133;3167328b-e731-423a-a752-df4b7dec45f7;1604419
12129;b205db03-e0dd-429f-a2f0-88826cac2dd2;1899315
12127;024f68ab-7c71-4382-8087-886b409421f2;1492032
12123;0fd741fa-e784-428c-8c17-32cfeaac4368;1207365
12121;b37da574-a5de-4839-9a6c-ab071b2e9f13;1793527
12119;24dc405a-6679-4cc0-9b1d-4583e9d4aae9;
12117;18895f74-f04f-4354-b58a-c83f8da4c8ea;
12113;015bbff3-efe5-4656-a7b2-d2339223f8c2;1228901
12111;3a3d38ae-346e-496a-823d-ab6cdf337b18;1176251
12109;55601d7f-f397-4eca-9eca-3f0ec320904d;
12107;c9e8d0c8-69c6-4201-8461-46c601465269;1180646
12105;7fa8f753-2f6d-467a-a45b-c48ad9fead66;1767627
12103;54f749d0-511f-424f-929e-8b94765a3862;
12101;aecf2e88-bef0-41e9-acc8-80425e2f2e40;1156133
12099;18016d66-ec96-4f58-99ee-cbb3cf38eea4;1630450
12097;46e9ddc3-43d8-4a13-9f01-31ebab1aa043;1421193
12095;d50addd3-bf82-4d17-96b4-24a50d1a0e4c;
12093;bf6fa0db-c73b-471e-8d24-1e33454e05a0;1166616
12091;89ff8c67-738a-4161-8364-cb464c659c78;1180477
12089;54682d0b-fee1-4336-a8a4-3b6a756f25f1;1200854
12083;352657a4-8e1e-4ea3-b796-17db7894ebbc;
12081;c39f64f0-418c-42d8-b0de-ab191eb7a7a9;1364018
12079;9dc7f1c0-b6cf-4ee1-af17-f1ed1be3cd14;
12075;e90ff826-8074-4049-b3e0-39c052c0b84c;1956245
12071;0daeecf9-81d7-4eef-960a-1747a9b1f9f2;1479071
12069;8a505511-aadb-4a07-b423-07589e43e160;
12067;a3c6581a-287d-48a8-9981-5e529959a6d3;1608106
12063;78827017-ded6-45cf-ba88-3d402134d0db;
12061;ce2c0db1-1b03-4261-9fdf-a305ad0f46fa;1267347
12059;ff77028f-8089-44d1-97ef-2c763129e1b8;
12057;a35b3729-8cfa-449a-b9da-24adc63f9e59;1250651
12055;5d287847-7400-4918-b020-c2d08da57ed5;
12053;bfe51d97-cdbe-4400-8aea-69113ac88f70;1195229
12051;fd7f6af3-8471-4363-995b-8e3ef2535bf8;1185886
12049;0cccda4d-3927-415d-b3e6-a89040f96e73;
12047;ed610655-9762-4c2d-a809-84c0e8c85689;
12043;312cca09-e041-4486-9459-fea70382e033;
12041;7dfc2aa0-99cd-465b-8179-3f2b7f873a0e;1309098
12039;939ff425-c780-4f46-a87a-7a0caf74a439;
12037;717bc16b-3c3e-44de-bcee-306dc412e5ba;
12033;8589f7a9-87cd-4de3-946e-979358fe27cf;
12031;ce20b52b-d295-450b-a8f7-302b54467c80;
12029;8eb9fb9b-897a-4220-8460-837c6d51418a;
12027;8dee3f99-1378-4121-8b00-ff4964e1a6c8;1244930
12025;d49d421b-2c79-4607-9bfb-105599a4dfc4;1561603
12023;f2a4d5b4-28fe-487c-9b7c-f05c2f42f541;
12021;409bb9d5-45cf-4d6f-a633-4bcd927fc39a;1231700
12019;66f06d43-c6f1-41c6-920d-30e00eeca9d3;1179110
12017;06d45954-c6b8-41ac-ab80-b214e8f311e7;1485842
12015;2f348aa8-13d9-4a71-94d6-22ca4f402f97;1479090
12013;b628e517-76eb-403f-9ea1-e4bcc3bf9f75;1255757
12011;6dd818a4-1126-4c67-8039-076198fcbe91;1206171
12007;4510e811-f937-4a04-a0e6-98fa47e75091;1756994
12005;eef6f69c-0708-4136-8bc4-96963e29a541;1556099
12003;a6eb3321-f942-4e03-a6d2-049838f40ca2;1759677
12001;46c82d3b-a817-4332-a95c-c28a4b831974;1844376
11999;6faef427-f196-4cb6-a554-10a604a01108;1227076
11997;0a0ea301-4a0a-46dc-84a0-9fda9c99b0cc;1205097
11995;e99f0f4b-87d2-49d0-8ad1-5b68f936acba;1200678
11993;6d7c6380-1e1f-47e8-abde-84aaaae19806;
11991;18d86ad4-8711-44b5-b903-b4d8073cd264;1478648
11989;e23494dc-5695-4c3e-83e8-f38e08f6f9ad;1930703
11987;305d3ab8-f2d1-4c65-987d-9f5c36a2866c;1146849
11985;d42c8ff2-9fd8-404a-a4e5-ab0647bc53cb;
11983;46c668c3-f609-4144-857c-bec3cf0943ba;
11981;af6a0ef4-0d36-42b7-b374-4253d305144b;1202173
11975;5bfb805e-4890-4825-8958-f6ad24f43944;
11973;7cfd2523-36a4-44ee-ad87-abe50b8eac09;1205228
11971;463f2acf-b47c-42fd-96ba-b9a365100e6a;1200966
11969;90fb5c33-8750-40f5-bb17-b0c9f4ea4595;
11967;83703110-cc70-42c1-8e3c-d6a15bae796d;1205241
11965;fb948319-195f-4ffb-8fa8-7501a9c88bdf;
11959;ef0d97de-35fa-469f-bc49-8a74763c21bd;
11955;369c23c5-1029-4a8c-8f2e-669c17be1d38;1307506
11953;dab81d73-ce78-438c-a788-5d483f077081;1166426
11951;45d3659f-0a88-42a8-a153-e1e83275691d;
11949;5705a643-3820-420b-b569-f8255e5168e3;1461153
11947;6ade0875-2e42-40d6-981d-8335257949f7;
11945;caa99f48-f7fc-44f1-8a81-e76071472184;1247551
11943;ec975f03-069b-4b98-97a1-04576c3197b4;1167898
11941;feefc0e5-cd2a-4655-8ecb-1d90aeefb2cd;
11939;48301767-f244-466c-953b-2e34ef4460a9;1236842
11937;51b5abd2-3c93-4dbd-9521-743651d6fd85;1205959
11935;fcd6a001-68cf-49c2-9878-a5c62ecdb9f9;1826198
11933;c2d4c73f-8e16-4ed7-af2f-3bfb42dfdb33;1220169
11931;bb95e76f-d4fb-45bc-b46d-8f8ac9cd124f;1992079
11927;e0602541-9329-4fb8-a795-83f846aeaf51;1182763
11925;f2a4d5b4-28fe-487c-9b7c-f05c2f42f541;
11923;03549a49-e3ad-4ac0-b552-22137e50c878;
11921;01d56236-5816-4453-8463-8694968ee250;
11919;48621831-f541-4a6b-ae42-82c0fdb17312;1950418
11915;d51b7c44-0397-48a1-8876-0e98fc44edde;
11911;7e0df974-05c0-4509-9f18-efef9f9622cd;1233274
11909;bc679da7-e2d1-44cf-b16a-0416d55e1bf8;1160303
11907;4d469194-1771-424f-a46c-a78bfc3ef8cd;1248865
11905;9910d3c0-cd38-4f30-9f43-892f8a6a4c28;1199228
11903;ecd11667-4f23-4ee2-9e6a-1cec14dde09e;1591070
11901;6434bfff-7394-4345-a2a9-b2335281cfaf;1253645
11899;217941dd-7722-4e34-9352-51b07ab3598f;1520974
11897;29ed05fe-b66c-4aec-b4bc-0727de83e9dc;1499160
11895;f1390457-9127-45fe-83b3-7949d0c67b9f;
11893;c3367c82-de29-4c73-b294-e90daaebc71e;
11891;a094efe0-419e-4c8b-a5f2-12a050098a7a;1713477
11887;97ce9cc4-c347-48d2-8c22-529903a6c219;1536008
11885;491f7cc6-f3b6-453c-9f64-b90d7e77f840;
11883;902222f9-7a1e-4afc-8a03-7aaac83887be;
11881;43f22ca7-58fc-4fb4-b17b-3657ef44e604;1571454
11879;ef5bbd47-61e6-4750-94dd-1a9bf345a067;1220834
11877;0e0e5118-5b65-4ff0-9627-701611f01c14;1148389
11875;249a941f-ce82-4c0c-9f63-cd0651748fda;1810820
11873;d7f974fa-a01f-4b52-a581-ff53273901ab;
11871;23d33a4d-5d39-4d05-8712-f4dd4665a58c;1179289
11869;7d26ace7-0941-4e3a-ac0d-32b70d484f93;1307512
11867;380d0e57-ce5b-453d-ab51-926d6046a92b;1166669
11865;f65b4d70-bf44-4e5b-9c6a-8104687f4a2c;1176523
11863;f0ec683a-9172-48a4-91e9-6a9b9fe4e288;
11861;14dba055-5020-43a0-b761-4d7369d71ddf;1244956
11859;2d3ba470-7075-40de-8164-d642d85f4c5a;1467364
11857;be8e2486-a61d-4c26-96b2-26ce2bfd0ea1;1667428
11855;75d052f5-5903-4935-a219-18a83d5d088e;
11851;b906b9c6-ce1b-4f19-8097-aae0ff873aec;
11849;49b8b05e-0a7b-40ee-a379-083e31d70a62;1549354
11847;665db53d-4ed2-45e8-8440-1a0ec0fb7071;
11845;2f11c4e4-ff37-455f-ad82-d07e792d37f5;
11843;210b5a4d-a57b-419b-99fe-cd0b85e24d88;1818921
11841;827b1c35-3924-4998-8794-40789751073a;
11839;6a944679-603c-4ec5-8bbe-330bc3cf65d2;
11835;178c7543-8604-411f-a300-29c96b069c1f;
11833;081093ab-f799-4ef3-90cc-22c5cdfde558;2003870
11831;4cdc4708-94f3-4501-808d-bf0fba621b15;1507580
11829;8f34d66b-3944-443a-8247-7c09535a5be9;
11827;6b833504-6ea2-43c2-a3aa-ea3449f7d215;1575955
11823;fc92a27c-fd2e-4c63-bd4d-766d819ef0bc;1299191
11821;da0f544e-1d34-4a5f-b497-6e771b926e04;1403104
11819;6e7a241c-af76-4a2e-96f0-1430440fce21;1822023
11817;113b1134-d2fe-4a8d-bdd5-1f3d5b657cbe;
11815;a4654411-5ba4-4128-a8eb-806abb0a0dd1;
11811;0c27dc75-7ffc-4f49-b133-bdb56edf58a2;1205263
11809;6f3b75ea-cb9e-40b3-80a9-478abbc832f9;
11807;52f39cf1-5317-4649-8340-f5c74c7c3ae7;
11805;42e82722-bbe8-4258-a21b-5b2944740a5c;
11803;a0f40496-9eae-4c4b-8a75-18670877febf;
11801;d42c341d-0021-49a0-8a5a-b80c8e9f6820;1230077
11799;ce3e8a8c-945d-4a26-b4ff-dd25c2dad417;1338872
11797;7bffeb34-1d13-4777-91e2-5cddc782486d;
11795;f17b5416-789a-4cc4-a781-cf867a8bd42b;1189991
11793;bb52741e-2be1-466f-aae3-cc27f51e6a63;2000712
11791;73553a77-5161-47c3-8c0a-f1d77242537f;
11789;1c3cb696-edfe-486a-b03e-552b0b9636a1;
11787;926519f3-94b4-4a60-aa48-f4e56b3e39e6;
11785;eb8acf0f-eff5-427e-a28b-39a79226ba90;
11783;b26b04f6-777c-4b81-b7dc-9d68a91cdf1f;1205321
11781;0aed5906-7e59-4255-8786-6db423e1e0d5;1299018
11779;a0e7b66b-eec0-42cb-96b1-c03cf819360b;1287874
11777;67c38811-c8bb-43e7-8557-8b6e0d05c09f;1308683
11775;332bda6f-5523-4526-84b2-d0764d09a7da;
11773;36a68a07-cea4-4633-9ec7-b23c9958f169;
11771;2df741f1-5b8b-4bd1-ae19-2dfe7a2b5125;1205358
11769;525ed747-7bfe-49ce-b216-0c60a31d2373;1205233
11767;c1331df5-2e60-46ea-9c74-4d33de5bd04a;1402886
11765;3db8a117-409d-46d4-b21c-6a88ce366fb7;1205317
11763;f69152d6-d4d9-4e5e-8bae-4d1af957155a;1202677
11761;edfa5e9a-3d63-4794-8bec-981ffa4cfc09;1603888
11759;737c78d6-3089-48c4-b8eb-16c72353b51f;1186040
11757;8d1cf653-f556-420e-932e-377836933523;1228845
11755;9242fa93-66fc-4175-bacf-6da798eff5c2;1182583
11753;c482255b-a4f4-4319-97d8-0d78ff7414e4;
11751;d012b099-8711-4a9a-916d-f8d4bfcd4abb;
11749;e2dd1ee6-2981-43d5-a237-5f6e7a36ac9a;1292063
11747;0277fa9b-888c-44cc-beed-70acbf6b8664;1898227
11745;d424d46e-9809-486a-a885-818f20b134cf;
11743;e3706f05-afef-4d73-a09b-6309873b26ff;
11741;40651e7e-8acd-493c-b080-6d20562c159e;
11739;ded0c34a-8fcc-40e4-af1d-fdf3f6ea7535;
11737;78839e7f-8e2d-44db-909d-d4c4b2f20420;1205294
11735;b2de0058-2bba-4b79-a30e-81d98f57f9c3;1267352
11733;0f3baa72-5a30-4e42-bedf-7c7f90708468;1167175
11731;2bcf8513-3362-45f7-a32c-d92b6d12ff05;1205051
11729;55aa038d-268b-4bdd-8350-c368eec06c01;1251155
11727;411105aa-5cdb-41db-85f7-5a0aa1fc2e3a;
11725;2f5294dd-2be8-473c-ab5e-88beeb62efa8;1571452
11723;afbe0f52-1160-44f2-82ea-ee1f1e15620a;
11721;9e6acb85-bba4-4215-835c-b87395c0374e;1624799
11719;a4f40067-714b-4efa-a603-fc0772b7c414;1581911
11717;a36ec39b-c080-4e01-abec-3df7c49b59a8;1511863
11715;6138b093-cd1d-41bf-9b13-bd77dbc448e3;1186500
11713;0993b080-c7c8-4f92-9325-29a2e1dc2832;1356154
11711;fcd5735c-3241-4d30-9b1a-cbdaef6c45e0;1461132
11707;3bdfa84c-67d4-463f-a8e4-8bff93a6b2b2;1199691
11705;b5f9079e-c02f-459d-a424-be10df5593a5;1365062
11703;31676103-91cc-4936-b74d-322cd1b7e2c7;1205316
11701;17cc5a06-ed16-43c2-8196-8e1086de66d5;1513618
11699;f2e7763a-c815-4438-850e-8712a26669b6;1285764
11697;81e84e0d-2350-4f25-8657-bce5f25bc3af;
11695;c614c421-a059-413a-88c7-cbb867414fa3;
11693;79338fb6-2923-45ba-a608-5e86553160ec;1186410
11691;d409744b-2fd3-43b8-aa0a-f1d19139e638;1586412
11689;cb86a277-2d22-404f-8090-3e7609443309;1168587
11687;ff93e622-540e-4406-93bf-8cdaa0801bbc;
11685;b8f8ccc4-df5d-48e7-84f2-77f26454fec8;1713097
11683;037c3663-0e0a-47a0-a4c0-28e3385465f9;
11681;0225a0d2-1b3d-4526-a970-101300457943;
11679;c8c53276-bf66-47ff-a696-63e45c3f1635;1238352
11677;dcead5b0-1105-473c-80c9-959980dd09c5;1200412
11675;be066271-e726-4e4e-a11c-f2c656989aa2;1183916
11673;67992b4a-e49c-4b9a-8a57-b53e439b5a20;1914106
11671;c1956e53-780b-4768-87ed-f76a7526a23f;1169411
11669;9c34bc1f-ac36-4c16-b882-a2916ef23ea3;1191591
11667;f13690f1-e4cc-4e6d-ba35-081b4ac55cd8;
11665;1c01e12b-e444-4c14-83ec-2f2df8ca5134;
11661;e26056dd-433e-497e-9008-839f9bd2816d;
11659;f87ca3f2-d0c8-4211-9a1b-85138c079907;1292456
11657;142a1d7b-bb22-4f68-a2d2-793328b1762b;1931309
11655;0df82199-06cc-4825-a7b7-9970218d5f74;1166579
11653;b152cdb2-0fc6-4428-ab0a-d56c4cf1f695;
11651;9b15d6c9-2b6d-45cd-b84e-50934f06fd8c;1313861
11649;a65b6459-124d-41ec-be63-0cd4b608fdb8;1527197
11645;5798f96d-6983-47e5-99d2-19a3354570f7;1202895
11641;222841ae-25a5-4186-be7d-74aa6d694c32;1208746
11639;a113b3f9-06b8-45ad-9369-b59534f358d0;1185889
11637;7adef35f-06ba-47a3-b892-9799273e8b31;1619358
11635;e8b924e5-d91a-45cd-9d31-fddacbf91d96;1657626
11633;6ca988b2-c8d3-498b-b451-ea2996a4117b;1169820
11631;a71a6b5c-f172-471c-9776-d2cb442aa655;1600945
11629;ebe35229-1fbe-47ef-8335-b3086d9a01d8;1241378
11627;200848d6-2bbc-49f0-8352-5cf84ff0bc71;
11625;b7c073cd-f3a3-486e-bf66-9b51d04817b4;
11623;ceae5024-aa65-4620-b7eb-152b480e0467;
11621;78ceac79-8ebe-4650-9f56-884f003abdf2;1211326
11617;3fcc49ed-373e-415c-b703-eb1a2574a50d;1176201
11615;63873785-5365-42bc-9c6d-56bfd16a8270;
11613;61a782d3-3d78-4806-9c24-369b47da3514;1183056
11611;a11622d1-088d-4fb5-a4e0-7fd408d6d41e;1166725
11609;d17dc6de-d1d4-42a3-880e-0c00e9770979;1700206
11607;902cf29c-5be6-41ad-8164-e50bb42a08b6;1528102
11605;885fbf6d-5e02-437b-acd0-7000071c1167;1176283
11603;197e8b9d-980f-46fc-9855-1c3454c77dfe;1179117
11601;2dfb5992-ff57-4acf-ab1f-a530ac68e6ce;
11599;aa89b826-5c19-4336-83f8-c9b1fb2c90ee;1170510
11595;f9566b96-98f7-416c-a01c-900fe81bcafb;
11593;391ce8bb-f0e8-4428-8968-4b6832b1521a;1731018
11591;d32639f3-7acf-497b-9dda-0570d8f95652;1167226
11589;6b302fe4-e9a6-45d7-8828-b304dba12a65;
11587;efe1838b-6d1b-4c7c-b3ad-c717d23847e6;1205315
11585;57359d08-e7ee-421a-abf4-5878bb0320d8;1496430
11583;61558b3d-72a1-4235-88df-11a6eb2f31f2;1341493
11581;923ca64f-da40-4ed4-a055-13faa4f45e68;1276248
11579;4c11eeda-1016-4f4e-b9bb-fe5972f4b8c4;1670029
11577;f48953f9-229b-44bd-a45b-ff42af6707b4;1184095
11575;f9f42cd1-38f0-47ea-a6c8-3ead4ac63257;
11573;e66d0f29-963f-421f-ada5-d2845760b62b;1839730
11571;24523d90-5b45-4af7-af7c-46a835070899;
11569;2e138352-962e-4cbd-87dd-73fddc12e68c;
11567;e7a98b5a-624b-408e-9361-bfb7ef8fa44c;1364791
11565;4b580068-6442-4b8c-ae57-c73c03dd1b0f;1663038
11563;a535aae9-ca34-4c26-936c-98c3692f5a79;1220849
11561;325bb558-0a69-48e2-b17e-89b86f6af913;1214673
11559;0155a68e-e70c-42a3-ac26-44e9d6ad5287;1802343
11557;52a91fc4-3298-492e-99b5-da40bc77faac;
11553;06395481-3a60-464e-a423-bc6dd6ae6dcb;
11551;42b0628b-721f-4368-9e29-46364c98bdcc;1857166
11549;3c8cf958-17d2-443e-9d08-be38237846f3;
11547;9a49b22a-6728-4810-989e-a662a44d9a8c;1205240
11545;90e4658c-462b-49d1-a91a-140673c7268b;
11543;177219fd-dc61-4573-acc6-e93147ae96ed;
11541;315fc4fc-dbf4-48a5-8f2c-1c10a7325cfa;
11539;53eff712-74ad-4b6d-8b7c-aacf1ae6e9be;
11537;acb3ff24-8c47-4f7b-b077-2e99e71fca59;
11535;eed5e3ff-3da8-4374-84ef-03045080ac62;1199790
11533;0a61ec33-025b-429d-9487-615794b38624;1803483
11531;f5cec0c1-32d2-4ad8-8960-6d7b89674604;
11529;ac3ad5fd-eda3-4ff2-81b9-ac57b75e1896;
11527;dc721240-1c53-462f-aef9-7f643c1e3bed;1179299
11525;d0c6b296-391e-4502-8d50-b660b143885f;
11521;c8b1c06e-c805-4353-b416-bedc206f0e3a;
11519;80203469-e015-43f3-83a4-605a6bacd7b8;1417453
11517;cc50c92a-ace0-4a2e-8560-62f4d26b53f8;1630460
11515;dddf8937-794d-4dfd-bd4c-98682fa30c5c;
11513;8056a162-a8c3-4624-a169-3fbcf84e6cf8;1166761
11511;195fbe8e-2334-4aef-adf7-f07548c33bb9;1298752
11509;61713198-84f8-4a4f-b58d-ebfd448d3810;1198293
11507;80f7c7bb-e368-4559-b952-4a369c3abed9;1251148
11505;49ea93bf-abfa-4d21-a994-f09b75031366;
11503;a7f2b728-1779-4d11-bcf0-d2074ea42d0a;1202979
11499;30f9846a-4aa0-471b-8c4a-3a9a8f0cfdf8;1219974
11497;015a20f1-b95b-49d5-a239-b58cddf458e2;1195441
11495;50b6cfdf-33c5-4aec-a9e1-0576b76f3d04;
11493;e9ebde13-f82a-4d5f-b221-36c4187a6aed;
11489;9f0a64b6-78a2-4d6e-a181-11a58e5275bc;1169446
11487;0ecaf0d3-5867-4afe-9ea0-abd650f075b0;
11485;968b7032-c52b-4815-82a7-fddd2ad7f3fd;
11483;997ded0e-2e7b-4609-b181-0baa47324e2f;1229009
11481;ab582d4d-3815-4851-ba93-1ff32a6710d8;
11479;f7bcf3de-5188-440f-a5af-1bfe39da7c3d;2000715
11477;018946f6-13ad-4d32-808a-7c4de42d080f;1697308
11475;f0ebdeae-cae0-44be-b033-599bbc436e8d;1254200
11473;5316acdc-f648-41d5-9159-d48882463951;1206677
11471;7c376fec-be71-43fa-b194-53c583f14440;
11469;60749fff-7a90-4429-8529-69aeeb7995e7;
11467;1d97c5b6-7de2-4fab-b20b-95c615a76555;1596255
11461;4e415289-a9ee-4056-afe3-c048e3069ed2;
11459;d16478d4-333c-42b4-abc3-454a91050d36;
11457;cc9e0e34-1cbc-4373-8f6f-5d1ac99640fb;1198642
11455;b4dce031-c620-4c42-8cec-12af0c8e9fe3;1265461
11453;c36a30c0-e582-4f23-a477-c20cb7c4426c;
11451;92c955ff-dd69-4495-b11b-d9bff498f55c;1216632
11449;b76e5de2-85f0-437e-935e-755fa265fe7f;1736711
11447;f1bc9ec4-049d-4e13-911e-404dfccb55a8;1200925
11445;8126aae3-0375-4e2d-8763-e5ca5602381d;1794084
11443;900fcbd7-c64d-4862-8a24-eb78457b46d0;1208015
11441;daaca378-56db-4f08-aacd-3645f2084260;1283506
11439;ab8250a8-c6b1-4985-9810-3ccfba47eb09;
11437;c6290697-c07e-460b-94ad-3e9b3b6b0c44;
11435;f0aebff6-cf2f-4b3e-9e6a-1e9dd3115ad4;
11433;5b7c1a79-7081-4dd1-97ac-ccbe3d4beccf;
11431;023267e2-91b1-49de-bef1-17b1c114d839;1663386
11429;7f9d2213-7fb5-4b15-a5aa-4c6f45d06547;
11427;2eaa3f43-232b-4cd1-b75b-58e2639f9cb2;1781841
11425;0b31663f-b8df-4416-965f-7fd0d7ca9871;
11423;7118f2b7-7f51-45f1-b60c-a39166a06ad8;1733518
11421;f2a31bc7-e1a9-471e-9a92-0e9a2654860f;
11419;f8c1f589-8c80-4016-a9b9-e1187e41b2d5;
11417;c4e79852-5c13-49cf-9382-108f03156920;1993600
11415;faf6f1d6-0050-4eb9-be44-efbd91c3ea22;1581726
11413;00acf11d-cd0e-40e7-acb7-6a22345a79a6;
11411;0ccaaea2-1f1c-48fb-908a-f35c2ea6e848;1152778
11409;70f1668b-adcf-41da-a95f-ad539a616f31;1193981
11407;d2f540ef-0c56-4e81-8643-cbfff9a96e60;
11405;46ffe564-73bf-4a0b-b648-f3b866eda386;
11403;267214a9-2b3d-425c-9793-538e440f804f;1811255
11401;97959bed-edd6-404d-90f9-e2a84728b29d;1205267
11399;1ae95bf3-a67b-46d4-8882-487dd971599d;1167838
11397;9589972a-2b07-42dc-99bf-77bfc3f0caa7;1228231
11395;171b4046-6e14-417e-81fd-a534717fc547;1571436
11391;bd69f763-a60e-41bb-810c-08d07165254c;1205671
11389;5495aef6-059f-4faf-960b-62b765c63074;
11387;52aec35e-e6ee-4768-845e-95e98cfee841;1205368
11385;44c9f8a8-c7f7-4c79-9b0b-e6d21d8c72d3;
11383;71ca9a01-dcdc-4db6-8d86-f94ed0d3c7cf;
11381;a90b4858-84e6-4f09-9f16-d75ad678d32c;1754145
11377;cfcd9b30-defa-4c2d-9dbc-426f6f82b5ce;
11375;e600b3c1-8c6e-42e5-b79a-ea0e7783031b;1176421
11373;711e04b6-0aa8-43fc-88fc-fc537ceef4ce;
11371;c6b0c77d-8e57-4c9d-9dc2-749fa030679c;1205217
11369;ac6aa0b5-4a26-49f1-a891-0a72680cdfc1;
11367;894d1bc6-31fc-4f1e-87e4-a1e7587849b3;1291293
11365;b37a121b-f4c6-4197-9268-d6d8af211746;1364667
11363;1839dcfe-16be-475c-a0a4-73ea053b3194;1158492
11361;ce0341ca-c4b5-4fd5-a88d-e23f2329393f;
11359;b86e4289-42e9-4bd6-920c-8b5749a71df2;1189614
11357;22b8cd81-89df-4c5e-ad2d-7ccbaabfe96c;1794822
11355;0a6cecb8-2300-4b20-b80e-43a528cba708;
11353;9bd0f47b-0102-4f18-8939-2b5ea8f63018;
11349;644a89ef-5e93-4d7b-9516-2a4d109e11fe;
11343;e88c87fb-5278-49a0-b340-df9f144e7fd0;
11341;78d06a5f-d386-4020-ac93-f77a8246036f;1475633
11339;46781dd3-3c1f-402e-b755-7a1efc5be62a;1205862
11337;fa2e2080-1f18-4f3c-8c62-f5fe72f8bfa2;
11333;2d069694-c5b9-493d-81e5-bbfa7e58cf90;
11331;cb0d303a-6139-4824-820f-317b7bfccb93;1216903
11327;1c6d54c3-4efc-48c4-bb34-a9ca3b92e1a0;1238093
11325;78d77d39-1773-49ad-9abe-c84cb5107e31;1269775
11323;0ac991ec-717a-412c-b810-1759ca6917a8;
11321;1e6a70b3-fe73-4d6e-ada0-8734147d7199;
11319;cd349bae-f1b4-45a4-8d98-4e0e3d48ac22;1176231
11317;5c32f6b6-d1ad-43d8-9f54-4cec3e3be3a4;
11311;920b35ea-66ce-43c7-94e8-bf2385deddc9;
11309;33b6fd7e-bef5-423d-8e8c-ae0adad0c1ee;1284996
11307;77f2a874-1874-4b18-9832-52bc6bebc51d;1291248
11303;d6a5774b-91ad-4c45-b930-0330695dcea7;
11301;f16eec7b-acbf-463f-9fb0-d3fb3d2de667;1260330
11299;cbb3f61a-bcc7-49ab-abca-eb8dbfe91019;1181153
11297;261f76f8-50f6-439d-bbb9-6a1d8c2d6891;
11295;7d447bee-bdc7-4d2c-83a7-aa8305d20e2f;
11293;cda34339-e929-47e0-9ae6-cf020c5f9c15;1287871
11291;14d596ec-5cff-4940-84b3-190719eeb84b;1254498
11289;35039a0b-c4d4-4f73-94a5-69af2daaa7be;
11287;d2bd74d7-ac78-47c5-805e-6bbdb20b6c60;1156417
11285;6cb111c7-2675-4e2f-8b9f-ee94e8b1aed2;1317886
11283;f2291dc6-c95b-4104-9bff-74b9a010cae2;
11281;c0a91760-435e-4d00-8167-31d7e5a7f738;
11279;4f875f7b-9324-4bcb-bde9-18ae02bb1ff5;
11277;ac839f02-2045-44e6-ba6a-a024db8ee6d4;1206053
11275;8cf67de9-b31e-438a-852e-e49c012248a2;
11273;fac35c81-54c0-49d6-86b0-4716990a2697;
11271;a412693a-ad97-41c3-993c-3b5b7c91b00f;
11269;2b3b9868-0fa4-4dc8-8d35-673c3a13d059;1190113
11265;c1f88d4c-37d5-4aec-93c8-eae4baaae9af;
11263;63c3b804-9fba-48d9-b9e1-0f62ae40b74e;1287606
11261;c46f7f61-7822-468f-ba5f-c8f338d25f32;1792955
11259;23ee4d5c-b605-4b44-b93d-08cd31d77138;1284627
11257;538f4fc1-05f7-456f-90a3-a6ac6f86ff60;
11255;d59dfbc6-5ad9-4a3f-90d9-7d87583d87de;1189513
11249;790a3828-82cd-4bfb-933c-585fadaeee17;
11243;60265b2c-79a8-4561-a48c-32fe33355301;1436721
11241;fb3ab006-52b3-4877-a6b4-ffa8ccf72992;1432865
11239;6c5cadc6-5cd7-4255-8ddd-079980f54a7b;
11237;58576b0b-e5cc-4edf-870c-b5d5cf49ed0b;
11235;758576d3-9417-422a-abf2-856239d72f6b;1205064
11233;012651a8-a9b4-4984-899e-30f200b2ac86;1953952
11231;7807d262-0568-4cb2-9536-122f7d5a239c;1572848
11227;5e0fb4ef-0483-4771-ac75-896e0be314e4;1260292
11225;119fbefc-a5b4-41ef-a7b0-dad5cf47f60f;1220033
11223;047d7c1e-7690-4b22-9413-1a65a44106bb;1699192
11221;b669b793-a13c-4f87-8777-6d17119b4171;
11219;6fa496d2-2a73-4c8b-ae10-57e636c4f713;
11217;86b82be3-9830-4b1f-b7a7-52353de31822;1167844
11213;5d87fccb-0e78-47e9-8aac-22973282f085;
11211;fd8ed10d-57e8-4b36-b7f1-a2fa0c299882;
11209;1eb572b6-2299-4043-8475-b163ab32cb8c;
11207;f184f5d7-1421-4b42-859b-0f7424ecb129;1211380
11205;6dc4fd1b-2a1e-4fe0-9b13-cf0e9476b045;1347524
11203;adb89456-62ed-41aa-88af-49c8d1e0ef33;1602182
11201;2255ef4b-e51a-46b2-ab87-394163a00ae8;1199788
11199;43d16b5a-f4a4-4a46-b73f-9a325d92e841;
11197;19143194-5d5d-4f21-b85f-b9bdcbf9a2e4;1181124
11195;ad12be7b-ec48-4570-a0d2-f3c5ad890332;1300463
11193;04cf6f2b-9c5d-4163-81bd-fea6dedc4052;1246669
11191;0a81ae60-5ecc-475a-a0cc-80d6155b5dca;1246636
11187;6aa7cfe9-f847-413d-a62f-d6baadb4012f;
11185;affe3cac-613d-483f-ac6a-ee2bd2305589;
11183;8801afa3-0ad1-47a3-ab78-3c1b8376d160;
11181;dca6d3ee-cd63-4522-9b32-73fc8f8f772f;1228032
11179;ce68cf53-4666-4e63-8c99-6cf0a457131e;1244895
11177;0f7c6f01-247a-4ed3-8e35-96c5e49cabf7;
11175;fb6193e0-2e9e-4ea5-bbf4-2f1b92facdc4;
11173;e8d4b630-d259-45d7-a683-056e3e95e64c;
11171;b5d4bb7c-d0f8-48c9-a526-d0acc1418b52;1245930
11169;109b66ca-7eb5-4358-8676-962e6a783da3;1576225
11167;02e21b3a-d4bc-4a4c-aac7-2e2157367211;
11165;536e39ec-ffc8-48be-b5cd-c3e901644215;1179109
11163;eec3d5f2-fcac-4064-9b09-4c8ef8bd5b2b;
11161;2882e1f1-77f6-4a40-a3dc-36a5689ac44f;1777603
11159;bc09fd58-3f83-4600-830b-be9db1014593;1608660
11157;ee55c23d-80b7-4c5f-9bf7-3192189cfcd7;
11153;a9a26ee1-8988-4030-a999-196343dcca15;1549287
11151;16ac1f87-772f-465b-9f3e-85806dfa352c;
11149;425e8e7e-6779-47a4-addc-86852859ed3a;
11147;5550c569-92b3-4fb1-a950-bce32d93d9ba;
11145;05788ccf-e99b-463c-83a9-cf139a92beb3;1205162
11143;008c99b5-410c-422c-a680-5ccf9aef3975;
11141;67e202be-0cc2-4eeb-916f-9e68c86b7dea;
11139;6f1fae4e-7f10-438e-a8ab-72f4233bd87e;1206381
11137;6221d3ac-b6a1-42b7-80d7-152c8ae88dc5;
11135;83be867c-e121-442e-b495-3605bc5fffab;
11133;8484a910-f656-4e85-af14-bbc1c497a22d;
11131;b6b8faa6-01f3-4b82-a440-37d0dd566e58;
11129;d0df7c42-94be-4c5d-a9a8-2eebe77b0fde;1222452
11127;edcf30c4-3260-4e85-ada5-6346d990b117;
11123;7effebc8-219d-493d-8364-7b3d89b00cac;
11121;09a80b86-eeab-4ce7-b958-33cdeb733880;
11119;a9e98168-6f44-459b-9433-4b5d89a4422d;
11117;8fa3c805-4c44-4fd8-a164-6198916c8551;
11115;217f020b-30d6-4b70-978c-c9991698027d;
11111;0ddc8b36-2cba-42c0-9d72-33bed4d77387;
11109;eb78df86-a2ee-463a-804a-05cce3c5eaad;
11107;0887a215-5bab-42ba-9610-0125c1dbc09d;
11105;aa642f28-7bef-459f-bb00-3c58e6a11c4e;
11103;85ef6d3c-99bf-4045-be7b-33ba502a1fd5;1205235
11101;6ec3ca0a-fc5d-47b2-9282-e5000cf191a7;
11099;6a56c17f-ed47-4fb9-832e-4ee40f1507c7;1245381
11095;8d4d5510-74e4-4933-a2da-45cf3a339670;
11093;acace937-eeed-4f27-b540-a8ba67005d96;
11091;d1cc1b5a-3dac-49e8-9fa8-a3821160f729;
11089;6ecdc444-c904-44f3-903f-777c193763c4;
11085;07380629-1d5b-4f62-a8b9-911a1dd95326;
11083;12d4a0b1-bd08-4302-a5cf-5d47457f6726;1465091
11081;85fe074c-50db-4fdb-b478-73bb4a1aafab;1166396
11079;28575d06-b538-478c-acfd-a5b74dcf12f6;
11077;d2ae4c0b-7145-4dc9-9ae1-3f89aef39682;
11073;281b8f37-acf4-4961-9492-eb78229a3cb9;
11071;695f2e40-fe32-40e1-8527-3a710d197690;
11069;71db51ae-d6e7-4770-a3a4-5b70338685f5;
11067;c12be686-4894-4301-950f-c46b23dd4b60;
11063;08b44201-6824-4fb4-9ea8-4ad00e568cda;1245379
11061;010152e7-2944-4334-be91-a252d36b2b6e;1350838
11059;c902c7f2-20e6-4412-b06f-8d91033ff38f;1223835
11057;2e76ec48-ee80-4d4b-934b-e113f31caf88;1184057
11053;50769ec7-6b22-4f86-a4d6-67f14efff13a;1578166
11051;422fbe9f-18df-4261-a080-cb5386dc4e45;1562197
11049;28281a25-194d-404e-b867-c15451d63fd4;1473072
11047;625f3d4e-e38e-470c-b90d-bee0db091f3b;1249007
11045;1987167b-c881-4eee-8cb4-33db46d39ae7;
11043;2bb120b6-fc1d-406a-ac4d-1e870c24327f;
11041;bd797a42-ea93-4432-9503-fc45cd16cee0;1364917
11039;34782c96-857d-4dad-94c6-ca8e519b1009;1211145
11037;c7ff41a2-3878-4e97-951a-e98c976f37eb;
11035;b61f3092-2ed8-40c5-b958-2a2195938ec1;
11033;12e4d148-ac31-445d-bde0-bc1bf274cdc4;
11031;637fb94f-be62-4f27-bc87-e24fe1c76311;
11029;40191510-aecd-400d-a12c-f2a1b4416749;1266602
11027;2e92348b-6dbe-4692-89d9-aaaebf45ffbc;1509042
11025;cdfd1f61-72f8-4353-9ef0-c2171951fe14;1795433
11023;f8c1671d-ac02-46d2-8501-33e801282249;1541940
11021;c56e6c8e-afdd-4379-a412-69bd039188e2;1160612
11019;b7e3ad58-b696-47a8-bc6e-9d2c8be2816d;
11017;9c5b497b-8a72-4956-b304-8775d8966729;
11015;2fbf9640-cf40-402e-a3f8-6bcbc270c247;1222027
11013;a9c2e742-59b6-4c5d-bf83-c2124e594ac1;1166446
11011;b6c68743-e886-46f8-9748-ef7beb9e48fe;
11009;8d88d28b-088d-49f3-a088-6c3dc17ba5f9;
11007;bb1af357-cb79-442b-862a-6aeb667cb948;
11005;fed33476-8b95-46b9-831a-62c1f333bf9f;1245375
11001;f2a4d5b4-28fe-487c-9b7c-f05c2f42f541;
10999;c304f248-b3eb-4cbf-9e11-07e22ea5e19c;
10997;aff4f87f-6d4c-434b-b39c-6764ccbc7675;
10995;f7499eb0-0050-4f02-a6f2-10879dd2d17d;
10991;e52c428f-fcda-4cfb-99e3-ff88125a5b6f;
10989;bd5a2392-af7d-47e0-a925-c51b813577b8;
10987;dee5ef0d-f556-4922-a0eb-3afacacc1689;1228652
10985;3a8bee02-7df1-4984-aa88-d298cc7beffc;1727448
10983;d1f35fac-8c31-4cd7-b166-77d4ac74f918;
10981;3c07c93d-d557-4d82-96ce-8b8e5e24624a;1829391
10979;e9d33f6b-3fd6-4761-82b0-9f4e3dfdae34;
10977;417feab8-1fc4-44a1-92f3-f91339e4634e;1246027
10975;2f21b5f4-1b4c-44ba-8dd6-d835c8c6074b;1571456
10973;debb767b-7876-4611-983d-30e2131f7dd8;
10971;64d577db-1c2f-4f42-8722-e682b43f0401;1244931
10969;b8aa11ce-f7fd-4068-b33e-149b491f48dc;
10967;dbaf22a8-e9cd-403f-99f5-c4db1be8c7d8;
10965;eace5edd-b7bb-42cb-bccc-fa75bc141850;1415566
10963;be357f8c-0952-4841-982b-441b144a29be;1255732
10961;4b1da4db-66b7-4861-ac78-1137c0c04c22;
10959;2d5ab157-c87b-43c0-ac13-f8ba2f6136d0;1244214
10955;7fcbfba8-92d9-416b-b83a-4912dfe51ad6;1238911
10953;d67af295-e399-4c22-9cd2-b52aff0ae809;
10951;458ec844-360b-49e8-96bb-93e816c309d2;1232279
10949;87fb6e5f-e2ee-4ed4-bf79-28b58698ae87;1247554
10947;6dae2362-c6b1-4716-b48e-06aa5e574592;1205169
10943;c344b4e8-068e-429e-8746-d3f4d6fdf83f;
10941;6c09683c-e6a4-4123-9e79-9c80f7928bd1;1221011
10939;83832bd2-e21f-46a5-ab86-1adca58b0a63;1367474
10937;a8fdf23f-1e6c-4074-a4d7-2ee71a3e379f;1422800
10935;5d87a771-c120-4da9-aa61-f0865f4e1398;
10933;5e3df261-84f0-4336-af5e-8463f9c478ca;1507589
10931;bc133d11-c9af-4b1b-9041-89df8c6cd6eb;
10929;4724c7bd-f1a8-4073-88c4-e3e913285e42;1198882
10927;29160121-3655-422e-b557-71e97679fcdd;
10925;5706b7c1-eaaa-47c9-8152-dc44b7a45fdb;1795455
10923;e53f9e6b-bc1b-43c7-a83a-799456660136;1228926
10921;ef6fccc1-48c9-48e7-80a2-94bf90561c46;1219932
10919;70d0bff2-d102-4ff6-8e5c-76e34ca2a144;
10917;01545ebf-780b-4460-8e3e-5cb18147df92;
10911;202db277-f246-431d-a105-839f4440c296;
10909;2c29d24e-e1b9-4e99-b812-affe546aef78;1347855
10907;82bae04c-7014-47fc-bb01-12c008be36f5;1150481
10905;41517491-544a-448b-a720-b80715e04664;
10903;6cc7992b-be86-46b0-9e1f-33b8c0702cee;
10901;5e219441-cded-4a0d-979d-5671d8fe3944;
10899;6a814099-c092-4be5-acca-555e436ac452;1835964
10897;5243b73a-6695-4492-8f4a-bb6a9e924504;1227812
10895;e77b2d9c-20ee-4879-810a-036e3590bc13;
10893;bd37dd3b-cef2-471d-b1da-28d1614aa864;1447300
10889;2a4e8f95-b848-4ed0-a94e-0f41c62ac5f3;
10887;8d8d99c0-f28f-4aed-9ded-4b648adec1b0;
10885;1dd9a131-b0b2-417b-b22a-d97b2c5e4f69;
10883;ade3165d-699b-4a82-9358-cba722c333f2;1247339
10881;5aea03cf-686d-4d7d-8c20-8fae155019da;1494844
10879;6c0e3a0a-e2e1-49b8-889a-a1e33b21cf69;
10877;642cd6ad-2363-4113-8060-b107b708661f;1228949
10875;802466c9-05ba-48a4-8e65-443a42c63bb8;1270755
10873;9ebc0fd4-e9fb-4ed8-a1f9-e1f6c88261e5;
10871;b3a5d4fd-5a45-4764-90a8-320fc7ac81bd;
10869;b701e0d9-271e-42d6-8ba0-7a58539d26f6;
10867;cb0bcde5-2e91-4485-a4c7-143e9161e3fa;
10865;cd9fe3fb-6aa5-4058-b7eb-2857ca0f1409;
10863;a8b8975f-356c-4d12-bb47-4114528ad1d9;1262036
10861;8fb37342-b6e4-4c49-9a2f-adc841c56e75;
10859;cf7dc75f-daf1-4703-b6f4-b1d160b294f4;
10857;70da7080-ff54-4220-b6a6-57b79df30fa2;
10855;d899a670-26d8-4690-89ae-6b77dacbbd44;1509534
10853;30a88f44-b799-4d8d-a969-87b2d3c0670b;1217873
10851;7f5b2893-82eb-4eb1-8724-2e33fd87d576;
10849;94f1dfef-1b06-4cbd-b0e8-2ed4e99b8fdb;
10847;5bdb3244-00fa-463e-b690-491c2fd66c86;1233146
10845;4e89307c-d1fe-4caa-a63c-3c7812f3706f;1243462
10843;f98f6075-3334-4644-9ca1-90b0f0058333;
10841;636eeba0-fb0f-4f12-9b1c-0b2be0ac085d;1284812
10839;f436fb65-2b44-4a9b-a086-c4ad60bff060;
10835;909517ca-9d82-4a8c-af49-0b9a23446e7e;
10833;b24fe339-7f87-4ef2-a8e5-5ea367a3c7d2;1895535
10831;7fe6ec9e-cd4f-4df4-b812-1b5cb5a25e46;
10829;59439b6b-ffba-4cda-b174-b8b3f3837ce0;1205926
10827;49996706-2214-4f29-8fe7-1c722d442f25;
10825;1a6accec-1ee3-418d-ba29-3a610dd54ac5;
10823;e03103d8-af6e-4a36-8310-3cc9fb3f7418;
10821;e0a177b5-8b53-4ed6-b3b1-f211215e9b87;1298027
10819;c85cbe38-f531-410c-a5d4-bdf5fbe90740;1836420
10817;fa87c534-7ba2-4f97-935a-66ee6afc8ea6;
10815;c617d25e-37ad-454c-98cf-0b0ec76c0434;1781895
10813;74533909-4db0-4f88-b357-d3b09f1047ef;
10811;ecdb4054-9f31-4711-b527-5cec77fad250;1186304
10807;981b3944-bd34-4952-8e63-bdea19038b3e;
10805;a4fa8e31-a8f2-4e7e-9cae-08aa7d95dd80;
10803;8802f48c-ac41-46f3-bc3c-bac7584b8e78;
10801;d9f191b4-7aa8-4c2d-8b02-4424a80c3d50;
10799;eb4252b0-4974-4a34-b0ea-44d15841c9e9;1232105
10797;85f7dc74-f817-44a0-9dfa-36b134d8035b;1226463
10795;188e21ea-a338-4271-8a02-8e0277e08a61;1266596
10793;7b131a26-bbfb-4c86-89f6-ca862bb4ef90;1229604
10791;08ff257c-f05d-4299-80fb-9924182bf3c9;1261847
10789;d882e1d0-23d3-4663-aed5-5da3fb42f666;2002838
10787;52c396a2-da56-4355-9d36-159a95a6948e;1222790
10785;39a4d635-45ba-4a16-92b1-de9893572e95;
10783;60f09a52-68ed-441f-ac36-fa0d358e41a1;
10781;a8393469-b246-41bf-a3b8-a9f388df9aae;
10775;2f7dda84-3a57-4d9d-a04e-2b625e3b4fdb;
10773;f06d8474-e03e-4034-878b-3832ef67a288;
10771;44c1f616-352d-475c-859c-720474eb4f1e;1300711
10769;22e1df99-39fa-4ec6-8442-b2ce2ea6b55b;1283572
10767;3a0aa760-5de6-4baa-9afb-13384b27aa4f;1186295
10765;0ba13d22-42bc-46e8-a693-bbf235607643;
10761;4992343e-f56e-4194-b2f9-a0d63aa145a1;1205144
10759;b35835cf-ec98-4868-8dd2-0ff5b275ed60;
10757;1c10fb8d-8c8d-4675-8958-eaca75d49ece;
10755;58526e0b-12c1-4755-a8ea-65bdb6e32907;
10753;a596a8e0-01ac-4e45-9676-960bc2b415eb;1506038
10751;fc892189-3092-4d1f-8709-b9e2311d6573;1205150
10749;eaf36326-724f-4036-b520-9f16a293a61e;
10747;b1700c9b-1cea-4432-8276-9051a865a5a9;1520975
10745;f555c44e-3a31-4f15-94ee-af4447657d1d;1759850
10743;3790b135-103e-4ce8-b7b7-e6aa11308ff7;1187903
10741;f5ef668d-16d6-4f93-80e7-924868565787;1247507
10739;5b15396e-a270-44ba-9e57-ad6acf452202;1247501
10735;5fc9df2a-106b-4072-bd56-55d146654f15;1243277
10733;c04cac60-3169-4d4c-80fe-4ae73e8b4f71;
10731;d27e5374-e2ab-4c58-94be-a6fb9deaab32;
10729;73af1d1b-0801-4c05-a996-5b890435e511;
10725;2453e736-3f49-4d26-bbff-6cbd2ef45bdd;1482507
10723;bc56dced-396f-4049-95f5-e0e017062a16;
10721;061aceaa-06bc-445a-9cb0-bec282851277;
10719;a7f97aec-7cdf-4b20-945e-c0f4e4ac3ca1;1243201
10717;f2594510-89ed-442a-91a2-0e1fad467e05;1551649
10715;662c86fa-9f8b-4219-9ed0-799c7c2cf05c;
10713;ec33ca39-3f0f-4b10-bf20-51753d4efb08;1799761
10711;1de93a3c-111f-4f9f-be7c-d0846c3a856a;1247385
10709;f3d0e272-48af-4fcd-b34a-c87f58db1670;1205323
10707;4090441e-2ea0-4031-836f-0431986fef1d;
10705;f45ec835-7e2d-4d4a-ab07-0072236defd9;
10703;953b7d29-0b4f-42dc-9573-af6c49c570ea;
10701;3ef83fe2-95d5-4d81-ba38-771515c18f8f;
10699;ab9144c2-e2e1-4657-a5c4-5d286468cd82;
10697;8c99c889-cebd-4727-8300-0d4142d143ec;1182796
10695;d11ff289-618a-4723-b4aa-6a53f7e6948d;
10693;7ae2f246-ef31-41f9-aae1-a2f4acd5e790;
10691;e8aa4357-c012-4eae-ae3b-baf8f6d15c27;
10689;b4119537-4bff-4b95-bc07-cc57a9b8c37c;1213130
10687;b90b1f58-bb00-4660-9be6-786097093a16;1205209
10685;30106798-6671-4dc1-b112-baf2125bfde4;1166798
10683;a7bbfef7-9c6a-4600-8206-aec97dcf42e5;
10681;ef18df56-14ba-4aca-872f-b796e4393336;
10679;4c17da56-ac46-42ca-a312-94a873614461;1211439
10677;cdbd1461-52c1-4e96-937c-f95dc50c6e06;
10675;53406a68-4f08-4cb3-8b5b-72652e913d07;
10673;85a1b1db-92f5-4a01-be27-daebfe29777f;
10671;a4c49366-d71a-42e2-b107-1f81036092f7;1204930
10669;2765f130-a8dc-4b20-b45a-e5b89e2132a3;1221074
10667;2fa10e74-a6e4-4645-af7d-77ec001a1c0c;1189626
10661;df2d74fd-6074-4606-8fd4-55416681273c;1352873
10659;58355eba-2649-487f-a04b-4bcf1ed1098e;
10655;381002d2-0407-4ca8-b3aa-28895e5d0b78;1794920
10651;d89affa4-e8ba-47fb-b628-f5dce0e6fc38;1202941
10649;0f20614b-de0b-4095-8566-e80e8d6731e6;1205304
10647;83830056-7498-4100-bc35-e4724a3ecbe4;
10645;d6578aa0-c99b-480d-976e-043c8737eedd;
10643;650b823b-ac03-4c83-9130-b592abf3f614;1243205
10641;c54bf820-7e6a-4f83-8d41-beb4af343c3a;1857168
10639;2fbed1d1-26a7-4b54-94be-bb241f511f1d;1214500
10637;784e1a95-cd62-484b-b948-e528a47cb4c3;
10635;5259118c-4985-4a9c-a293-b8d4196ef24b;
10633;5537a8d8-2ddb-4c6b-ba20-f83b73b5358a;
10631;858fb86d-bf45-4691-bd34-d7870b9f6b4a;1707458
10629;84549540-281a-48a8-9c04-ae2c1f2980b0;
10627;5ae58a5e-aed9-4773-a3b1-2fd1fafe6ebd;1220063
10625;f3d53365-f6b4-44b3-ab00-b355aa53a8c6;
10623;947bab6e-1dcf-4fd2-a6d8-c6ba006dec87;1166539
10621;72d8c39a-278e-4edd-8061-db5da771661b;
10617;f2e271b5-022e-4cae-a339-a9410a82ed65;
10615;d6c70b0b-78f0-4f28-b0dc-4ba021f75cf9;
10613;fb2b87f3-923b-4a0b-b155-064ee5cc447c;
10611;b771831d-7bbd-4a27-aedb-6d20e83f1c43;
10609;721e9b58-d605-4d81-a87f-3503541e07bc;1237630
10607;e1f12dfe-9553-442c-a6cc-8ada9c6b8e83;1201920
10605;b7a84d82-8a6c-4702-bc67-9d13ba3acbd0;1246640
10603;5f1013a9-16bf-485f-a354-a07a6639dbfd;1243414
10599;19d817f7-660a-4548-b06d-208c19c713a9;
10595;0616d432-5857-443f-b977-ae71e2d7acf7;
10593;3d0f902f-51ca-41ca-8f26-6e24336e2afd;
10591;a1bd8280-f995-40c5-8536-0053095bf028;
10589;a244f569-1e16-4193-b280-8c6550f38db5;
10587;cb8f9173-99e8-4b6d-8d57-f845b53e063b;1205746
10585;edfda35b-46a4-4f00-9749-4d98267bcf9f;1208018
10583;877bd421-f404-4d88-b17f-464f0cf658d6;
10581;0230a6d7-38af-4e03-b199-76cc42b5f94c;
10579;510aeda9-a3ec-44a4-97ec-782da41ec3e0;1251335
10577;2cda1cc6-00d1-4f1e-82b5-d08c39bcaf14;
10575;72531f92-5669-404c-910e-b24f618d0aed;
10571;5b19838f-0c79-45dc-99a6-e21315125d61;1148808
10569;70f0b76b-9e23-4757-aac7-e24fd7f78537;
10567;bc56b8c1-3e88-4b21-ad25-5d46649cdb9f;
10565;4292599b-8065-4d50-814c-2a33db6d9a30;
10563;76b2a349-7db8-44e9-9136-b5a6e4312469;1189908
10561;acece47e-4a6a-4e20-9e39-ea763cc47c94;
10557;a1f7d428-a201-4916-83ea-98e925a28a56;
10553;7e2d7967-bd35-4669-955f-b970428d0df9;1205858
10551;2e47ba1e-357e-428e-b00c-db213688f342;1205887
10549;809d54b0-a41d-48f9-b35e-9252dcb16e0f;
10547;d436fd58-e335-440f-ac38-b5a86fa25d66;
10539;9746e311-649d-4561-a6c8-d431e2253222;
10537;f3e383e5-4876-4781-a803-ed9a96d1408c;
10533;4c2ad9c5-c0ef-4185-888d-1a6828b8ab9f;
10531;26799a66-665e-4ade-b8ad-0d22966ff44a;1205166
10529;7a8b4ada-1caf-4c16-b3e7-f22843a69617;1446225
10527;8c88923b-bf57-472b-9cea-d889b6b9adc9;
10525;e2a50d77-bc32-4a91-8b02-c6a33aae8388;
10521;89937b2e-a426-4be5-951e-5743bf18cc1b;1750292
10519;d2d1d133-809f-4dfc-8920-88f2a4a1ec51;1414936
10509;74ef903a-db7c-4286-aa32-1e61fbed02ec;1411732
10505;972f3fdb-2095-4da2-9453-4f51e24ffecd;1457220
10493;432d6b13-40a4-4edd-b3ea-6a7ad0bb600f;1399456
10491;09f78804-8b28-4216-a5c9-529f48ae98cc;1399042
10485;775d989c-24b6-4d0a-a8c8-8a22ae2ba542;1707336
10467;c6a8ac12-3ed7-4333-bdea-c65aa1eadfb9;1394977
10455;6a002717-8154-4795-88e2-0a3cdfde01d2;1393943
10441;b5d21cd8-c773-48f1-a2d7-62c5675fcdcc;
10435;0e819f1d-aa06-423f-89a9-ea9daaf27b35;1390906
10433;cc30d4b1-7ac3-4250-accb-4c522d65ab9a;1497050
10399;6ab0d6ab-5d15-4624-8bfb-41f142a5554f;1390213
10391;b72c9e81-6848-4988-8cc9-936c29f01559;1994297
10389;a941be26-fabc-4c38-8252-0c42fcc80e88;1763549
10387;e92a7a0d-804c-4950-9c7b-98dec6c84cc3;1488769
10383;afaeff70-45fd-432f-aad0-6aacba07cdcf;1393988
10373;173efd36-ff19-4269-a3a4-5e3090417fc1;1414930
10311;e04dd32e-83bd-4595-aaf5-b3d2884c42e6;1571446
10305;cdde6b7d-339f-4eea-a0c9-f107f6be8b60;
10279;530e16df-f93a-4ece-9764-48d52ce49855;1502163
10247;d55874a5-4aa6-403d-84e3-6195958fef58;1314973
10245;9c74e985-a30b-4c97-abe3-b154eccc20e9;1794925
10241;dc03ccaa-cd9b-49d9-86af-a70166578a8e;1328496
10239;e49d8847-6076-4c9a-b224-b53a6d7624da;1342069
10209;0a6226d5-e4df-4878-9bd0-d78b5a385148;1249704
10203;d24a91dd-9810-41d3-8083-127981853634;1467224
10189;58bc7665-628f-47fb-8ae1-efcd2d317260;1526145
10139;e0bbac65-3ca8-4050-a660-5b6ccf6ba7c9;1891408
10103;a2648eee-abb6-4994-8af3-9c8aab4e7b9b;1494073
10085;d7699a2f-ab96-4320-b868-dca13f04bcdb;1375082
10067;3788cd54-6436-4e5c-897b-8ba77458cfe9;1499282
10041;f6bc2ba5-fc97-4dbb-923a-258892440c93;1561442
9973;b2d71905-00ee-4259-aba3-647fd4cc464a;1418992
9947;fc278893-5554-4c2d-bdc5-b7b2fa592d22;1341656
9917;feafa83e-e4d0-4540-9988-534c8a5b8c6e;1329130
9889;bce323a7-c2be-4c2b-bf90-bd6d3290d268;
9879;14b51d1d-3113-43b7-8ee7-7454201996c6;
9835;c30fa7db-ec26-4f50-aa87-ba3ccdb83ca7;1785918
9829;d7b9f22c-abfb-45c8-aee6-c4b5df6f4a52;
9823;66ee55d3-ad1b-41d2-92e3-9750b29dd821;
9817;32cfb40b-1191-4cb0-8677-245b5a7a1276;
9815;f6f046e4-de8d-42a1-8e9f-937b90f78588;1301507
9813;5fea07b6-51e6-4936-99d3-529d16c3a470;1169455
9811;5d9a23f6-1e46-4c21-9143-c53a03e554b9;
9809;68a1bbf2-65ca-46f6-a205-d1970d342a31;
9803;1bde9f61-2806-495f-a27c-cefd5b1cfc62;
9787;da0f544e-1d34-4a5f-b497-6e771b926e04;1403104
9743;a0b44921-842d-414e-93a3-82a97249fd39;1794840
9741;a0e7b66b-eec0-42cb-96b1-c03cf819360b;1287874
9739;c7e780a8-0380-4f3f-b926-319292004a02;1190708
9687;5db03b50-74f1-4528-aa79-407677d8f69c;1293505
9655;5ff79a90-fa4c-4f78-9509-a843e2c41f63;1988542
9607;f8230978-817d-44c6-9d1f-821932487cfb;1622390
9589;86a61011-76be-41eb-bdd4-47d0e8eb39b9;1757221
9579;fbf31b96-1204-4dc4-955d-739624d2b27f;
9567;99032cc8-3101-4bc4-ac15-e49a058f421b;1794839
9555;17df38df-b10c-46fd-9197-fda8a44502dd;1331800
9521;b6faa233-bf66-4cba-9a17-e23d6a8686c0;1270563
9501;521f541e-d4ad-4279-9fc8-95c5c5fbe156;
9493;49a32898-f96c-4aa9-a668-54eda069de1c;1431174
9477;571ed1f0-554d-42da-b1f8-7228fec81680;1802070
9431;0721484f-b9fe-42cf-b771-c1bed085643f;1549108
9411;865f6940-436a-422b-9b5d-f13c96a50c1b;1551494
9387;69421dd0-2f95-49fe-85c5-23cc11a06fdf;1894507
9385;8e56a7e0-ed0c-43e4-bf8d-76ac394d3562;1667289
9365;70e49229-ffa3-49f7-8cfa-885f6fb38e54;1191949
9359;d9a0168d-e7b6-494a-8a3d-07f2c133eeb2;1920139
9355;0813b772-abe7-405f-855e-46cb814d1a35;1802070
9337;e4e852d4-1bdd-413f-9ef9-783d635433b3;1894669
9143;f5ba052b-9b1a-484c-a872-ee726bbf3f5d;1584716
9137;0946e3c0-03e7-4b6e-be70-da1b2bc4f6a2;1270562
9093;998673e0-9cc9-4852-9a10-706fa5ef6e5e;
9085;d04c8c72-55e5-4760-81c3-0681a3f4d3f4;
9083;fded6656-a8be-40e8-b43c-d4262938e6fc;1309133
9053;905867d2-f917-47c0-8708-87d338db720d;1314670
8937;97de4d03-0264-492b-9c1a-0601aaeb2fe6;
8917;0d196640-723b-4663-8ff8-42d4cba632e9;1519149
8861;7045fbe8-aee0-49f6-979f-3c670655077b;
8851;cf599945-4c15-49a8-a5ef-6d463dd95f1a;1974236
8837;fb410fe4-735e-43bc-9225-12e1792e2694;1464505
8813;149c2b09-8990-4e01-8046-b8b7ccab128a;1666075
8779;22d41189-f9c1-4de2-8c0c-081d2e3d49dc;
8765;31784d97-e054-44d2-8f5d-30dd152e1067;
8745;81a56e24-32d4-4ed3-aabe-9fb948ff303b;1999583
8741;b9172489-95ce-4b9b-8a95-10947c53106f;1541576
8705;2dfb5992-ff57-4acf-ab1f-a530ac68e6ce;
8695;a6c1900e-d0b1-46c8-850a-d1897ce9f5f0;1586322
8687;a0cbd8a7-b3cb-446e-b5cd-a7fe4553cf04;
8683;0256eb54-6e07-4615-9e70-b15d54f342be;1410929
8673;7fa20fcb-c269-4f39-bb5c-930c12200fb9;1964901
8671;fcb18993-54d7-49f4-9fd9-cb2ed9e4b01f;1769609
8665;ab21aeb7-bb2c-498c-8c61-4dd9ce58b09d;1253505
8659;3f39f6cc-068c-43c2-ac37-a35bbfecd36d;1832797
8623;a6d91005-5d65-4bd1-b95a-6bf5ac3a179f;
8589;005ddf38-8d42-43b4-afdd-1cb0c4d157c8;1249545
8569;d4df7510-38e7-46c2-8466-c3b50c4a8e97;
8533;391877e6-9ab1-4f6a-a404-069c2b5b9d9a;1249556
8505;fac7209c-ae2f-487d-ac34-f8c2cbd24705;
8421;deb1a702-451b-485b-b3db-10c32e253816;1448467
8375;6c97a74e-4cce-482f-aa65-1eedf52148d7;1249716
8371;a9a61112-a5aa-4169-8943-59ada94d7ba8;
8369;51a1189a-8993-484c-8187-baafdfbc9161;1842031
8361;c333e0c5-c8c0-4af9-a995-9a5c1680b320;1248762
8329;2a162f3d-d81e-4e9e-8865-5448a12ab1bc;
8315;cab41f2b-86a9-492a-968a-8578b0103433;1824025
8305;08b44201-6824-4fb4-9ea8-4ad00e568cda;1245379
8257;b1700c9b-1cea-4432-8276-9051a865a5a9;1520975
8237;2d7c16ce-2416-4540-a5da-d5fc58188d33;1314511
8219;9e4cf520-e89a-4914-9982-b0b8ced4ac75;1813181
8215;5e11b087-2d7b-4064-87ab-ded259987323;1249772
8175;b34a48ab-35b6-441b-886c-f5305b015d08;1880047
8123;f816411d-5c3b-4e4b-bd0f-bb0b8a306681;1847284
8093;70a4cca2-7879-47e1-92fd-4af99d206f4e;1889903
8083;0a2e36dd-b744-4934-877d-b35dad945cd6;1238664
8045;a83cd750-1f08-4b33-877d-a38bfa0bdacc;
8005;a6d91005-5d65-4bd1-b95a-6bf5ac3a179f;
7929;5a4d4908-04d1-4aff-8c7a-3f1f2594bfe8;1233373
7919;76f03b57-957f-4fec-ba3d-d7d4e7ad9f4d;1840284
7893;bb4e8746-1db6-4d6a-811c-e5a11de471f8;
7865;87744872-2fb6-43df-9f65-84afd02f45f6;1375439
7841;7045fbe8-aee0-49f6-979f-3c670655077b;
7833;2bcae04b-062b-46dc-bbf0-8ec66331227b;1867182
7827;e80747eb-7337-4221-99c3-69d4522aeeea;1231406
7813;d04c9640-b6c8-4dc1-a2fa-4e1ae91c7b26;2011321
7799;eace5edd-b7bb-42cb-bccc-fa75bc141850;1415566
7791;61ebe530-218c-4b54-b54d-cd911043fa8d;
7789;2ace4fc3-31aa-4fc3-b8b2-565ce6994b33;1245456
7773;5b5c0069-df19-4e39-abfc-8d1138ad65f4;
7763;0063f04c-8974-486c-bc29-1c40b1eabb7a;1435424
7749;6612b97a-7e10-4a0d-84b2-ad6028f8c368;2000258
7747;a9486277-7830-4dee-a776-2b3edb20cc80;1227806
7745;5cae54ee-2a29-41a3-8a12-d750d30dc1d4;1584129
7743;9c735303-9d63-41cc-86c4-280b07c4d33b;1237905
7713;4eeec384-f259-4bbc-874a-920c8fe2bc7c;1505925
7691;d7de8f3b-c891-49ab-8f5b-a4f639d584c0;1220812
7669;c9bf32b8-0ab1-49f6-a0cd-352f7dc9d1a2;1829445
7653;baa70b23-ab61-4187-8ff9-0a4873c2d7f8;1170702
7647;0b9e12fa-37ac-4ed4-a780-0d0780995a92;
7637;2e7ba46e-92c2-454a-9b39-6bd198802dfd;
7593;c931bb53-0f06-4a24-915f-7f6f3a63e728;1233799
7585;8cfa3fa4-f4f5-4e88-b717-735950892d58;1467263
7573;631e8650-6c29-4c81-a523-42cc3371145b;1823557
7533;3b8285c1-9e56-4465-a60a-8cfa82497f1e;
7529;e251dd0d-1bb6-4f46-9be0-637db9365b39;
7511;2cfaf94e-8548-4d2b-9c4f-7d79370ecb09;1238882
7507;92787c61-761f-40eb-8b22-5a25d85c28df;1212901
7487;553bacbc-c071-497f-b2bc-8b93cd0d5c10;1767962
7485;24e19700-a78a-45eb-9654-52651aa9529f;1920680
7461;3f8fa414-508c-41cd-a7e3-7b7b2001d0a8;
7405;f991b58f-170d-4acf-b4ae-3b69023097bd;1207393
7393;be3446a4-508c-444e-8607-e3e43fa8331d;
7387;4d70804e-8c54-414a-b88e-aae04c2f7208;1205271
7337;010efe25-a9fc-4b5a-998b-a367c70d72cc;1204931
7335;3aa1fad7-79bc-4ab9-b6c6-078bf41e220c;1243761
7327;2f4e0d1f-1ca1-4748-95bf-fe450913e2b9;1202925
7307;c1c17b6b-d4ff-4fc3-b890-b72847a61744;1202915
7299;4c4978e0-669f-4676-a6b7-1c804cf657c2;1713409
7285;99317e11-fda4-4880-958c-fdb09bf3b0f6;1589529
7283;ac208753-6f97-4802-8ee1-50917452985b;1200643
7281;8ec5ce0a-0364-413b-a587-e46e67b73a24;1200386
7277;df0f123f-b9bb-4551-9322-65d101b6d182;1201912
7251;3adff67b-522d-489f-9799-4b3f6d275e89;1199672
7245;bfa243fc-3b45-4e44-b131-92ff3178b992;1498801
7243;a5f372a6-79ee-46d6-8084-0d1ac449aee5;1228614
7241;e696e654-1e22-4494-bb6f-46e6884663f5;1201713
7223;6d04ee16-61d6-4269-886e-423a4f42183a;1202917
7213;a6c1900e-d0b1-46c8-850a-d1897ce9f5f0;1586322
7209;a7e78b4b-71aa-4607-a59b-f70c7270dac9;1691478
7205;7aeb18aa-4957-44e9-8f21-4b678bf4fae3;1223864
7169;01dcd439-a171-4823-af94-2df747aa21ce;1198975
7165;402790bc-fa98-4037-9dfd-2f71aa4d7a19;
7163;1d9bc5c7-fdb5-45aa-a277-d4e702b46ef8;1223979
7161;9197b884-4697-40fc-a885-f169b4702253;1220829
7157;d8bd0c9b-7412-4330-8821-216a849a9ee5;
7145;febffdbb-a4d6-4181-9630-60fec2176be5;1202878
7139;85a8d525-c285-44cf-8dd7-1a3bd7046b3e;1237912
7137;79f67b7c-48e9-490a-bc20-ed6af90ecaea;1687892
7135;81ace8b6-8f6f-48bc-85c5-46f12f8cd6d3;1191944
7133;fb42f1e0-d345-4bbe-b17b-123e278898cf;
7131;0a29e139-32d8-4e66-bfad-bbe8e39ecf55;1247274
7129;90132c8f-74c6-410c-a59a-674f16ce34f7;1237911
7127;70e49229-ffa3-49f7-8cfa-885f6fb38e54;1191949
7119;10e8340c-6668-4c9b-9c52-59a262edd8c9;1194878
7115;5bf22126-ac7f-4e85-8900-5e41f2b10808;1193666
7111;4b4cdf45-8bd1-47f2-b727-a6a5c47a614c;1561608
7107;3265e104-9640-4f81-bf97-17b57f5ce3ce;1189955
7105;5676fd4d-7687-4c40-b101-38fcdd990b5c;1509801
7095;7c3d810d-fce4-4744-904c-120995dcc7a0;1364985
7093;6be2ef24-6c50-477d-a790-a67ad8762563;1520956
7085;7b35b9b8-6d8e-4719-aa69-f0fb29ae236d;1191415
7065;f16a2b8a-1bbe-448b-ade1-178725e13b72;1390245
7059;be1cd901-5b88-417a-8644-fc43b73ae01d;1229574
7055;04a83a86-fa37-4f8c-81d2-246ce7bb63c9;1189610
7053;99d941ad-7e19-4655-9098-136a6a7f91c3;1189732
7049;62ab8346-6fe6-4043-9ae5-7e5dc4012849;1191368
7047;e86ea595-86cf-464b-b6d7-a622d55e3e44;1754120
7045;4e854432-7011-470e-b871-47a66b77fd32;
7037;1d8402ee-b7e6-4f6c-975b-e0aa447d549d;
7033;ad66f5ee-0a41-40af-b62d-f8c8b29ff83f;1193595
7031;ee6c5446-eb95-4ccb-a720-f3dd5a0b0ddd;1221237
7029;3dc4b994-cd10-4d8f-a04a-b11df93e46d3;1866007
7027;cf2d4e2f-8c3d-425f-90dc-e9eaf1266203;1749159
7023;ae8bcd8b-0865-49f8-9af0-2abae328f7ae;1364819
7021;f46fd8a8-01af-4f06-b8f0-57b4bfd7ce3f;1469990
7015;a50a3ad5-48f4-4d9c-bb9b-759dd66e2352;1237908
7009;90e66463-ddb6-4e62-8954-a2e52ce41b5e;
7005;27785542-7b7d-428a-8552-58a81a018c12;1184560
6999;8b2fa0a1-8415-4dd8-9305-17da884fc6e0;1241075
6997;56f1758b-a80b-42d4-a65c-3277fb90706c;1184467
6993;aff277fe-f1fa-43a6-a61c-1bd8d0213325;1276173
6989;31c25f5b-92a4-4ee4-8e60-ab3582cb2b63;1486334
6987;b4e46081-1f39-40de-abab-6f57f072b78b;1236568
6981;b6e2795c-b012-442a-9989-be58f9e2fd45;1184688
6971;3aead0d5-3a69-4550-a298-5177a2e02af3;1617262
6943;08174bf3-4b1c-4269-9a01-7290a2fd4a2c;1234027
6939;b4793523-3722-4ad0-8a31-be83fb07afd5;1798241
6937;9c55bb80-ce33-474a-9daf-b5b140b9d4b5;1179245
6933;4dd774e6-cc80-432f-9d55-1319a98cd384;
6927;21f63152-4c82-4e31-8990-9c748192538b;1965818
6923;efd6c24e-1a10-4be9-abac-f9397ee5041e;1180613
6911;c7055831-2826-4e41-8646-1ba092a98804;1170876
6907;a95d013a-ba04-4147-a1ad-f671fabc5f64;2007193
6897;2c051716-80a9-4678-96a4-6b941a870b98;1182279
6843;c8bb468e-33c9-44dc-864f-4cca45d572a4;1591038
6833;485c1e60-6034-476e-b30d-ccd66801d24f;1200077
6827;a8724e0d-6f1b-423b-a83c-42194195a1d5;1541553
6825;78ce1ebd-7f1c-4f42-825f-74393f70a859;1169594
6823;a6864130-390e-43e9-81c7-013fb65afbc7;
6821;d352e619-f785-4d7f-924c-b0eb148bd9d9;1396879
6807;d9b09333-ffd4-44df-8dd4-19f2bc7c05ab;
6801;e48973ac-ac4c-479d-af1d-25c118c8783a;1176492
6799;838afe8a-2169-47a6-b16f-a9086142ebd7;1730075
6779;2153bc49-69d9-46cf-aefc-b6e413ccde26;
6775;b415e052-efe0-49bd-938d-d22b611e37a8;1205362
6747;a94a4aad-98ed-4a90-9c1f-e05d67a58d03;2011166
6743;df7c5280-801c-4436-be6b-b3550c476067;1193943
6729;38245840-6091-4cdc-92d1-0f5ff38f7dec;1485960
6721;b94a11d2-3c84-4e07-bfa4-de32faeecd87;
6621;60932735-66a6-486e-90a5-56c555c36243;1942757
6605;e5c04b99-a323-4778-bf36-f4afcbc661e8;1238236
6583;c26e610d-6ad8-4dfd-b787-ff37e8b4f265;1192623
6575;b234695a-2385-4c51-8024-ce2792e69001;1965818
6565;0591c5c4-4394-4bb9-8db9-4227250f69bb;1176454
6563;a83db5ee-af52-4bb9-8aff-ef369610ac7d;
6559;0e84458a-2c84-4414-b149-cd6cb4c646f0;1182822
6545;d1b91b26-e203-46c0-ae2c-8c6126b0c122;1194528
6543;10a16040-d310-46cb-a91c-3d0403f9ef7b;1189806
6541;a125dad9-dd18-4bd9-b7c4-6f60aa81260e;1397450
6537;dfd52069-036e-4958-9deb-c52a3ff3e0d4;1182862
6535;64a36096-0163-4204-8707-ca22ebf4afdb;1206166
6531;08488a16-5add-4bab-97dc-6dcb07c81c6d;1834692
6519;682ff0f8-6d8a-482e-ae06-07c8d4dac5cf;1176279
6507;5d1fd036-dc11-4773-a3fc-6dbf754dfa66;1205168
6505;8f53bd48-a3e0-4d53-b750-2604db159f11;1170258
6503;4b1984d7-9be4-430f-957e-c0768ab5b8b7;1167870
6499;daaca378-56db-4f08-aacd-3645f2084260;1283506
6497;2b5a4307-6e02-473d-af53-9c3527eb8add;
6493;54fefdcc-1cd8-423d-843e-e804e5486c64;1217910
6491;5d4d1f30-6ed0-484a-b55f-19b9aba6b0c4;1198980
6485;d5da47e7-3d1d-4cef-b2a8-c337d1fe8497;1818959
6477;5e382994-dc36-4161-a858-cdebdeb5e21e;
6467;2b4338d5-862c-48de-bb6e-db12d8d5eea3;
6455;06843506-4046-4b23-8844-147990f57c27;
6453;7c816221-7912-4dd3-bfda-6d1eb12a1867;1702064
6451;7b92f91b-5a5f-404e-91cd-fbfbc339203a;1167168
6447;526003a8-c38b-40c7-8a95-ec79abd16dae;1234503
6427;889d85d3-40ec-4604-8641-5f28020b758e;1217451
6425;8fa7eff7-b49d-4eaa-bd5c-e40ce4e4b501;1167224
6423;1ef4ca05-e91e-45df-8c42-2216ec34f8c8;1147648
6417;bdfb4afa-dab2-4a6e-9609-933617beb112;1252106
6415;d829a7a9-e56a-46b0-b539-673944554af1;
6385;60aac56b-b8ad-4edc-ac73-7c0a8c53b7c1;1205287
6383;7f35f7bc-60fa-4835-8035-abaffee2a4e5;
6381;d8bcacef-4710-430b-98b5-7c78a2b60d44;1390001
6379;e9388ea7-5eca-4faa-a3f9-c569838a2443;
6377;1e023310-1190-47a3-8db3-32f95306c49c;1182934
2963;a8fdf23f-1e6c-4074-a4d7-2ee71a3e379f;1422800
2955;25bf8f7d-67ba-414e-8523-d5cea9245983;1433111
2953;eb82fd8e-0f09-4f7d-9553-7d325daef2f3;1762815
2947;e501228d-1b2e-4dd4-9a7b-9fb0b00f6c5c;1234122
2945;fb614c05-2525-456a-aa3f-67d655205166;1659353
2933;047d7c1e-7690-4b22-9413-1a65a44106bb;1699192
2915;2ad0dd53-809c-42a8-b196-c80e2b0da963;1657628
2909;109e2a72-c792-47ac-9f39-37bf09b75e92;
2907;08167231-302a-4914-adb1-95c65171a991;1158184
2889;cbf108a5-fdc9-42bf-a7da-2d8159c8d74f;1659523
2887;0b9e12fa-37ac-4ed4-a780-0d0780995a92;
2885;2b5a4307-6e02-473d-af53-9c3527eb8add;
2879;59fe3aaf-ac7f-45b3-8f38-5c0d6049644a;1205152
2873;843b1e21-0466-44ba-be86-172440ba06b4;1145376
2861;26f09e8d-488d-4c11-a6ec-561379a9f358;
2859;768424f4-40cf-4471-a1a2-f6ed2184b59c;
2857;7b2b75d2-373e-457e-9ecf-400f24619ef8;1228146
2855;bc5b9a45-ae77-48e1-9861-c8f518658011;
2853;23ebd78c-355f-4d50-9c65-88df38e0fc87;1482232
2839;f969dc73-dd6b-4c0c-8214-5aaf2add7d4d;1205378
2827;9513836c-c2ac-454b-9bd0-eaf4354c9517;1970836
2823;ff83850f-ef56-4bcc-8773-6f957654623d;1791753
2821;ae8f9b5a-6dd0-40c9-8a78-ee62b1e2afdb;1791757
2815;5b32f3f0-536e-4f86-9d36-ff9c49df8fa4;
2813;51724657-9c55-4b1c-99c1-988e6353b9f9;1181145
2809;141c90ad-5029-4424-b54c-25765f0ff89a;
2803;c598f530-936f-4c23-ae84-97e1b58139af;
2783;c93f4aad-d182-4b93-a5b1-5d3ea01e72d7;
2761;de65fa9b-a83e-4dd7-8243-187c1a879a4f;1727430
2759;606f2685-8361-4adc-99a2-a8521ec83b09;1180981
2757;f5a4122a-d937-416c-8622-3bbd122420af;
2735;27e0ed97-d57b-444f-a720-8b5205b8c05a;1208225
2707;b7cc8d30-2066-4cc5-9830-6c980da10dbd;1181065
2701;a89d1ff5-c1e6-4377-b556-a50ba6b135a9;1214185
2693;a1c835a6-f663-46b4-ab81-689c011de60c;1205237
2691;a06832c0-39f3-453b-a9f4-2cc7123955bb;1194081
2673;908a366a-9113-4a06-b1c0-82b1f893cbb8;
2607;1cedc462-b75f-4157-9288-59cfa0e58d26;1205107
2603;e18b00a1-598f-4310-bf93-b2e34172ff5a;1263809
2601;642394c3-0cc2-49fb-94eb-b57bcf23d789;1245397
2557;08dd6843-179d-459c-8de0-374d5706c0b8;1247330
2549;0f27f75c-fa23-4da1-8637-f788ebb0ea7d;1869482
2547;ef422080-cc94-4567-9be4-3689a18cf4b2;
2543;2c9663fc-c40a-4a7b-becd-74b6c9a20f10;1182733
2539;c5fcc0cf-8856-4a15-b500-f31d4f768256;
2535;880afbbc-f234-42ea-a22d-8628ba1f6948;1176487
2533;880afbbc-f234-42ea-a22d-8628ba1f6948;1176487
2531;daf439a8-344e-49b3-b086-d000785265f1;1148706
2527;b8dd1335-c11b-410a-b920-2b02babc887c;1608102
2505;c93f4aad-d182-4b93-a5b1-5d3ea01e72d7;
2487;620145f8-7fe1-4dcf-8db4-fd99c4a0c780;1180995
2467;24b397fb-3b3b-44c0-9302-58fcffdc7d49;
2465;bd06c2e0-7be2-4b63-829a-407a93d768df;1596930
2463;5fc63788-c21d-48ea-9745-79456967325d;1168517
2461;28604b60-5f91-486d-a1b9-354fc88c3af9;
2459;cfc2e06f-ffda-49a7-bf79-f763f5e1bf7f;1170344
2457;94d61a44-8393-4fa2-b9d4-5382eb7a5e46;1564619
2455;719a64de-a0e1-4bf4-b0c4-527e7cc1af42;
2453;12e86db2-9ead-40ec-a4e0-53f639efbb25;1806490
2451;9ba2931c-ddfd-4fc3-9568-1ee0950991d9;1189747
2445;4d29c9ca-6c6c-48e5-9fe7-43b6b1663515;
2429;22092fac-d843-48f7-aaa2-9d589756cb49;1596832
2427;78839e7f-8e2d-44db-909d-d4c4b2f20420;1205294
2415;463a0468-0aac-4c92-b345-608aedce9dff;1166436
2413;7f468d48-9c56-4263-80ca-997cc405ae10;1168576
2411;00516f51-3998-4f29-8f21-952afe8aa4ef;1960717
2409;c8313c58-e259-41fa-a094-9fb2e5311ce5;1799480
2407;99aee3bf-58b1-4089-97d7-b2b9b0c55a74;
2401;69d0cca2-68f3-4249-afca-741210747e38;1311801
2399;5baad79e-1ee7-4be8-b10e-83820db7c59c;1417900
2395;138f2e81-af64-4c78-bff5-7aaac7889da8;1176540
2377;ecabf8cf-0091-4ca3-8aea-e9de3f07c218;1770136
2371;1017e31b-10bf-4a23-8168-6acff4fc073f;1205312
2353;bba56237-6645-4c30-820b-0e55fda77d7c;1186065
2351;1a63d036-c2ee-4885-a79d-2f1479f1a181;1168752
2349;d028f86a-d848-4b04-8319-9eb25bcf5a3a;1205859
2347;9032f3ab-d5e6-4600-92c3-1027be59e7c9;
2345;3db59f16-2488-4b34-8324-16047df7330f;1179289
2341;83d9335c-9257-4605-ab98-e05df599b289;
2337;1e4338c5-f307-4b3b-a711-2c5c539a5fea;1562348
2333;8ebaf8f6-5fba-43b4-a246-9abf10719b30;1840961
2327;352e867d-b31c-4fdc-acce-a4913936bb79;1228921
2323;5f0cbbc1-cde6-4edc-88bc-f9e3da079502;1300751
2321;3db3ab17-cd36-490d-96c2-c900e5e0de31;1727198
2309;6eb21560-c1d2-4cd7-8934-46ce175ba120;1190708
2307;00ac78a0-37f9-410e-9425-73a746f74270;
2305;7bffeb34-1d13-4777-91e2-5cddc782486d;
2303;f9b1c7ec-94ea-4006-88ee-78e690ebfbe3;1166424
2285;70c17a0c-b321-4899-a85e-1a9a90cb5b7f;1586362
2283;9495fafa-99ea-412a-8e30-c6828a94a1be;
2277;18cc8dfa-7e65-4b3f-bcb4-51febd637cc0;1181044
2267;6b833504-6ea2-43c2-a3aa-ea3449f7d215;1575955
2265;70c17a0c-b321-4899-a85e-1a9a90cb5b7f;1575955
2263;1bacec07-cad3-4075-8365-4efa5c0e7d85;1394776
2261;d20b0529-c00d-46fb-894e-063134982b63;
2259;b90d53b6-898a-4187-b3fb-bc84eb82e1d2;
2255;b9b405e3-9a53-4091-a86f-b85babed91cc;1572849
2253;8a977d7b-fe98-4bb6-a29e-8ab8ce32f10c;1261238
2251;5154d6eb-a1a1-4780-9e06-aa68ca8e8dc8;1226516
2241;ef18df56-14ba-4aca-872f-b796e4393336;
2235;177d1c6a-f83c-46d9-b924-0606019b4a96;2003203
2227;be61aed8-595f-48fe-8926-983fd2d2e367;1964029
2217;548159a6-a0e4-48d3-b8ef-2e63d030a678;
2193;7d11e1e9-9457-4043-994c-9350c19d9f99;
2191;60e177d5-a404-46cf-abf9-ebe532e48306;1217683
2187;dee948fb-07bb-47ff-831c-ec12f4f13356;1181041
2181;ab013e77-23ba-4858-a69e-c9d349398ed7;1176284
2179;93f7f571-ab48-48c3-a96e-42516464eb37;1554924
2177;8bc76e4c-a4a7-41ae-b546-58695ac44cd8;1572625
2173;75671076-aa50-444c-a9b1-ded206bc0fe7;1705995
2145;ee4e48ac-9860-4efe-bf48-08f13a40353b;1364370
2129;17d6f1f1-7b4b-4533-9e7c-b7b0982597c5;1556085
2127;a6c426bd-7825-47e7-9b64-ead12fda7ef9;1192654
2123;97f4d0e4-c390-4f3e-8366-85ec13672c9d;1536198
2117;81b23a9f-bfb9-4686-a733-1e7a65312a94;1158587
2113;c52275bb-20ad-4fbf-bc08-1405df34514c;
2111;5ce7a583-88dd-40f0-ae9f-86a3fcab9249;1190710
2105;92b52c89-8a34-4339-8a9c-643a1ef85c4b;1531224
2095;f4dd18bd-ed4b-47ce-a03a-2dab1a8a9b95;
2093;f4dd18bd-ed4b-47ce-a03a-2dab1a8a9b95;
2089;a65b6459-124d-41ec-be63-0cd4b608fdb8;1527197
2035;8c181601-dfbc-49f2-b293-1f166ff88e81;1820392
2033;44c80aa5-467e-4fad-b8a7-a04b48ddcb32;1226513
2023;f8c1671d-ac02-46d2-8501-33e801282249;1541940
2017;21858122-96b4-4eef-96b2-0299f1561936;1525074
2011;d1e8dc05-c9ca-447e-a3e0-c64343258cd5;1524918
1973;f00b3be9-bd61-4e52-bf99-6b3c34d04441;
1963;1212251a-7eb5-49a6-b626-2e939d82d33a;1522209
1959;4af6d86b-b01c-4615-ae91-107a9641e372;
1945;8e0dc8c7-f1e8-41e4-a04f-f0547fc7184f;
1939;e951f709-d8f5-47f1-abf7-d7e51c86145d;1232103
1937;a82c55fd-1ba3-4834-aea9-665f98451671;1167843
1929;12013e84-1fef-42e4-8eeb-633cb256c611;
1927;0de9b44c-0fd6-4653-a6ee-a8fd296eb270;1229000
1921;cc0baffe-fe2d-44c4-81ed-df89152145de;1754124
1915;a33f437a-b954-4029-b459-918afe30a866;1556109
1911;14c3c4f4-4d36-48b3-ad99-ae4f39bbec6e;1226170
1907;ea92858d-80d8-4e89-9d72-60a152401f05;1554917
1899;48301767-f244-466c-953b-2e34ef4460a9;1236842
1885;3a66cbb7-1471-4507-af25-61d154f3a6b2;1507575
1881;47b9bcd2-2d40-4be9-ad58-09bc893f4fb9;1565207
1879;67ded263-81fc-4783-a1b7-f2eb75d0f43e;1960773
1877;7adef35f-06ba-47a3-b892-9799273e8b31;1619358
1875;4cdc4708-94f3-4501-808d-bf0fba621b15;1507580
1871;fea102ca-76a5-4130-8986-62251ad3f9cc;1211505
1869;a754c168-ba12-44ae-a1fd-31a973b6c7c2;1502367
1867;305d3ab8-f2d1-4c65-987d-9f5c36a2866c;1146849
1865;84d85a4a-0f6b-4a55-bdc6-2d5953cce9d5;1894445
1863;72dfbaa8-e2bf-4a22-b8ac-2eedd3a17864;1502133
1861;039d9e57-8413-40b3-b5d4-f196f439282b;1194019
1859;3fb1ce47-7798-4e68-b0bd-7744a0b0bb9e;
1857;e1c2aa7a-e5f7-40c7-8e6b-cd0f4fc53881;
1851;25ede4ef-eb59-4757-bfb8-3c4a52a200fc;1156381
1849;70a4cca2-7879-47e1-92fd-4af99d206f4e;1889903
1847;759c595f-41a0-4b59-b209-6400cf739492;1509080
1843;27785542-7b7d-428a-8552-58a81a018c12;1184560
1841;f23cc316-6322-44ff-8ab2-b7766d32feab;
1839;1bd89ac9-3e4e-40a1-b3e6-756b0c85bf95;1205277
1837;c7dde158-4896-46cd-8bff-f14072a03bea;1246870
1835;34beee90-e51c-4e23-9dcc-3c6d90a4b30d;
1831;a1e9dfac-aa5f-43c7-8a69-61bf09e59358;1533962
1829;6bb48a50-2657-4a43-b273-4be68ea4c337;
1827;343fb09b-cb1b-43c7-be4a-f9f8b1e2bdee;1168604
1825;9d9c9b88-8c94-482f-8dba-8d37770c6b75;1975262
1823;ab78a312-dbdf-48e8-92b8-0dc9f1800e25;
1817;b5666405-de61-4f8a-b0a7-a1aee9f3c0cb;
1811;77bcd46a-f6ab-4846-9eec-e2ab4021da20;1180773
1809;305581fb-1e88-438f-8bb7-6e05192bbb24;
1807;a9a12cef-38e2-4478-b3cd-afd16215403f;1563017
1805;0253b556-7670-402d-896c-e5ee297d46c9;1502455
1797;11308560-d456-4c84-bde6-07d34a1d79d8;1233930
1795;f63d6164-30ce-47ab-ab50-e7e1e099f127;1587782
1793;a76336a7-bcfc-4513-860f-aaffdb260fb2;1171083
1791;f59d10e9-9200-4a57-8dd1-dcc3af54148d;1509772
1789;fbf5ef91-613b-463b-923c-b1d41e48d84a;1242659
1787;2f81cdfa-d390-4d35-adc9-a559f7ff75b0;1193660
1783;bb789c76-d33a-4d2d-ab66-b26aa3cbafac;
1781;10b377ca-7fc8-412b-b986-98ce597dbe1c;1491094
1779;7d202807-95c7-43f2-874d-151b2b34a466;1205363
1777;aeb36e69-d394-4a09-a37d-6dcefa2e6127;
1775;9acea6d6-1d9d-406b-a953-99b4cfbb6181;
1767;1180d938-dc5f-4466-9cb9-0c3536f83c0b;1458618
1765;a7e9f8e7-4329-4e51-927b-825dea86164f;1668160
1763;cc440c02-cbd9-492d-92e3-6d9084db969a;1205319
1761;5705a643-3820-420b-b569-f8255e5168e3;1461153
1759;52a99d38-83bf-4066-ae03-04dabca3223a;1205318
1757;c63f3fa9-9573-4d73-af69-66ede880350d;1241278
1749;10807b17-e4bf-4617-b80e-8e295ab7edab;1255709
1747;3caf6ae9-a6f6-4b8e-a0b1-06bc0aaa886c;1267364
1745;46ec15a3-8c48-4f40-8d90-4048e119382a;1446306
1741;ce3e8a8c-945d-4a26-b4ff-dd25c2dad417;1338872
1739;8063167c-a15f-418f-ba70-04eba1aa8b29;1211408
1727;4fbceb79-6824-43dc-8c96-483767a03fa1;1227149
1719;52fbf567-24c6-48f0-ae04-c73a8f3c05c1;
1715;9221b69e-75cc-4233-aa8b-9a4db78f558e;1148397
1713;4b580068-6442-4b8c-ae57-c73c03dd1b0f;1663038
1711;0155a68e-e70c-42a3-ac26-44e9d6ad5287;1802343
1709;a412693a-ad97-41c3-993c-3b5b7c91b00f;
1705;4315b340-ee68-4a57-b128-0f0abca5a349;1518824
1701;54dedd73-f142-4504-bc75-5ffec182e6a5;1437924
1697;c7a2115c-6825-49fc-b1fb-73bff7e2f5af;1186406
1693;1079b829-72c9-4c8a-9273-082b20d60b24;
1691;94803fd1-aa6a-4091-af02-69e838924476;1267359
1687;3c6ed725-95d6-471b-bd61-b44dd17d2633;1220902
1685;21cf7b52-6a06-417e-83ef-403814b7f254;1520914
1683;e0bbac65-3ca8-4050-a660-5b6ccf6ba7c9;1891408
1673;bce323a7-c2be-4c2b-bf90-bd6d3290d268;
1671;baa70b23-ab61-4187-8ff9-0a4873c2d7f8;1170702
1665;bdb1c12b-1fa7-40e6-8c8b-05137217c7e5;
1657;188e21ea-a338-4271-8a02-8e0277e08a61;1266596
1655;38ebdd68-ff09-4071-a752-7af67dadc445;
1645;5697dda0-8e3b-488b-8ca5-e7665df8834d;
1643;9b30b9bc-a91a-40a2-abe5-6681e38b53c5;
1635;4f47b501-1799-4a7b-90e9-ce04c7b5a918;
1631;20634096-8fda-4d02-bca1-dcfe595c1804;1186307
1629;b5de1454-38a3-4197-b303-d343de93fef3;2010264
1627;e52c428f-fcda-4cfb-99e3-ff88125a5b6f;
1625;3f39f6cc-068c-43c2-ac37-a35bbfecd36d;1832797
1623;2f21b5f4-1b4c-44ba-8dd6-d835c8c6074b;1571456
1595;d688a642-fada-4a5a-be30-22222207d15b;
1593;23aec2e9-ac54-4737-86a7-e815cb5c656f;
1589;b70f27cc-359c-4a4c-984c-27512f094cdd;
1585;c61b873d-fc65-4dfc-b2e5-526404a61cd5;
1583;f2e271b5-022e-4cae-a339-a9410a82ed65;
1575;0860d943-f8b1-4ee7-ac5a-15047fbd6b62;1600943
1571;b234695a-2385-4c51-8024-ce2792e69001;1965818
1563;2fb7de0c-c06b-478c-8a9e-88edb46f16a7;
1557;f3fb23a1-4b3d-46f6-80f3-b36c975ed5ad;
1555;64daaacc-ad03-4e79-b39e-e8986bca2f76;
1549;99bfe60b-a17e-4ee0-97eb-188c1c89be7d;1145404
1547;67153011-b096-4551-882d-681603cfa653;
1541;858fb86d-bf45-4691-bd34-d7870b9f6b4a;1707458
1535;edfda35b-46a4-4f00-9749-4d98267bcf9f;1208018
1533;9b7a3cf9-892b-4955-8bfa-906733e992fd;1223625
1531;0aab0bde-46d8-4c7d-95d9-40ca94c19501;1352602
1529;58baef62-fc10-40d0-af18-f77af65f9d94;1329164
1521;bd37dd3b-cef2-471d-b1da-28d1614aa864;1447300
1519;bd37dd3b-cef2-471d-b1da-28d1614aa864;1447300
1515;3a0aa760-5de6-4baa-9afb-13384b27aa4f;1186295
1513;47ef3014-6e2e-431f-8e48-87d14ab57a64;1189764
1511;0120d03e-dab5-4834-bc31-90492a4e159e;1166567
1509;c02bdc97-5d77-49ac-9f54-9e2f7676837c;
1505;2c2bc8ad-1056-49fc-b894-6369e3280c42;
1503;eb7d41da-f186-4dc9-9277-2d25e485ac94;
1491;847b669f-934f-4acd-b682-da052f4ee096;1169738
1489;5a8a0e49-dd5e-4c32-8c5d-d770d2a328db;1298643
1487;01c037d9-b6cc-405c-a3a5-305042634356;1176393
1485;d32d603a-b170-4a30-93b5-3e23f6f05b13;
1483;b2412a48-d76d-48c9-baf7-69402a5a4c46;
1481;3a263736-a514-45f2-851a-7bd4f3892ced;1169891
1479;fe667ab6-8999-47ba-8f6f-79c718426b5c;1364915
1457;fabe1040-5107-472d-ace6-0ca999781eb2;1232122
1455;c078c221-666f-44c6-bdba-a44b0aff3c29;
1453;d9db86c5-6b72-4dc8-bbd2-40080c6839fe;1483706
1451;ababd9e9-6856-4ef7-9344-55f0f2a320a6;1176206
1449;a7f2b728-1779-4d11-bcf0-d2074ea42d0a;1202979
1447;bdb1c12b-1fa7-40e6-8c8b-05137217c7e5;
1443;4509d8da-809d-4ec3-83ed-c955c65e8b4d;
1439;a998b9e6-ecc4-4815-bf8e-e95e272853c2;1180975
1437;0b353c4a-ebc7-4f1a-ae91-7e585bc4c9f9;1276249
1435;dd722983-acf4-499b-bf52-0dffbbab83fb;1205340
1433;fa70370f-9418-406c-b5c4-70ca0c48d125;1559871
1431;ada94b45-6268-47ec-9a54-3e00ba0a6aaf;1272464
1429;57117bc6-a686-405d-abd6-fe2961dd65c8;1265528
1427;e3c01849-7adf-4a4b-86bc-03d42b4574da;1272413
1425;eb450fdb-bcce-478b-bf60-faa35f8e1d61;1176238
1421;84c6fdde-2866-413c-94c0-11a12cc930aa;1270697
1419;353c13e8-acba-4027-8288-fa49fe879da1;1949734
1415;01a4b13f-8816-44a8-9e5d-c0a23317f42b;
1411;616ad8a6-4d4f-4e67-b4b2-026272e981cc;1287693
1407;409403b1-edba-4f41-8fec-71b5fd491611;1205301
1399;85ebbb3e-6172-451a-88ee-6885118601b2;1228304
1395;2d1bace8-da92-4ada-b0d5-fb3cd3f82e11;1169447
1393;11758474-76aa-418f-94dc-665b7c3d06fe;1226346
1385;f546f216-595c-4197-bf9e-fbac6760c896;
1381;2c09d798-0cdd-4e62-8f2b-6f83bffdcb6a;1146814
1379;535e7c59-3e63-4646-bb6e-cf2bce5bc3cf;1194986
1373;4c8a292e-4314-4a77-aa76-bdad1b87b5c3;1241108
1371;590930f7-e7cf-4411-ac14-769c3bd31694;1190691
1369;3d24b9e7-8724-46ee-8fc5-e9166a0fd852;1193926
1365;87ddaeff-623d-46a4-952a-d39cab2884a1;1266503
1363;23f197a3-c349-47aa-98d1-8b3fcc6e5741;
1361;ef65d8e3-2f68-40ba-8625-58059300c54d;
1359;b26b04f6-777c-4b81-b7dc-9d68a91cdf1f;1205254
1357;6b2da134-e4f9-4181-a5e4-699f36b42ff7;1501938
1355;3c48f3e8-100f-4468-88ad-6bde43684141;1689595
1353;b62282e7-0ff0-4d78-a76f-8db99c0e1e82;1189742
1351;a2bbe47d-4421-4c26-9eda-6713b5e4fe29;1199771
1349;6cb3e611-3642-486a-a9fd-aacdc774fd71;
1345;e3525f2b-c7a7-4a27-8269-0e5008370997;1179293
1343;f2e7763a-c815-4438-850e-8712a26669b6;1285764
1341;f16eec7b-acbf-463f-9fb0-d3fb3d2de667;1260330
1339;5af7cdbd-342e-4f80-88d0-c7a191cf37f1;1257224
1337;7eed6e36-1c88-43b6-96ea-a090ef4e4f2b;1267272
1335;33e52d76-f059-400c-9632-fb4cc2bc4362;
1329;32c5bce5-f8fe-4e68-9bd7-9a349fd86854;1728950
1323;40dbc122-d112-48be-bcac-823dce0b4f87;1260288
1321;b1b0df78-dd83-4583-aed1-0ace08eb2488;1254459
1317;4bd41344-c01c-4ca0-ac50-18049ec23e13;1507222
1315;c346309b-9d21-4aa2-b543-86caca388f04;1229059
1311;847d44cb-3a8c-4a05-a005-b57166611e71;
1309;cf85c8cd-850a-40cc-ab1e-332c65786ecc;1166458
1307;0602181b-dc4e-436b-a316-5c30b3db8362;1815914
1305;8d758ac4-486c-40b3-aa68-952f17c6a572;
1303;e3525f2b-c7a7-4a27-8269-0e5008370997;1179293
1301;79e26241-9846-4805-b4de-36be2c1ea729;1260623
1299;9405f76e-bc27-4b38-a4b3-e55ae4f118d6;1195334
1297;b152cdb2-0fc6-4428-ab0a-d56c4cf1f695;
1295;601cd0a9-ca1e-4e3b-87a5-f340b1d54d17;
1293;5e0fb4ef-0483-4771-ac75-896e0be314e4;
1289;7ec66fdf-5e7c-4882-a722-e44bd4895857;
1287;004d95de-58cd-464d-a503-d3ff563eed2e;1186230
1285;004d95de-58cd-464d-a503-d3ff563eed2e;1186230
1283;6c6c8d2a-ce60-4fb2-896d-902694e3bace;
1281;c34af3e6-9f09-425c-af7c-c7bb7cc5c49e;
1279;0f3baa72-5a30-4e42-bedf-7c7f90708468;1167175
1275;df2d74fd-6074-4606-8fd4-55416681273c;1352873
1273;e3525f2b-c7a7-4a27-8269-0e5008370997;1179293
1271;1f9898b7-7a33-4480-8943-483825c82121;1250289
1267;1f46bb65-63b7-4199-9e81-98bb7c2880c8;1242649
1261;dd722983-acf4-499b-bf52-0dffbbab83fb;1205340
1259;f3e383e5-4876-4781-a803-ed9a96d1408c;
1255;94bed108-85e4-4a4c-9180-c238c57e4f16;
1249;cb0d303a-6139-4824-820f-317b7bfccb93;
1247;12257462-0c51-419d-98ba-2a585ced4713;
1245;e703a3c7-c731-4afa-97b5-7fc6a9252d04;1179430
1243;3a0a3a8b-3d16-48f8-a4a7-eca0f3845d17;1206153
1235;493b2ad2-0f27-460c-bab2-50976b669b5f;1247575
1227;23df44dc-f99e-4da5-87f5-66c6cf63d5d7;1768300
1223;1317c16d-2a3e-4845-af79-d824ef7b7400;
1217;2e91a4f5-0e71-4c3b-a962-9966e814a9eb;
1215;6c5cadc6-5cd7-4255-8ddd-079980f54a7b;
1213;ccb59c60-bac2-4f1a-9d4a-e12dcf215012;
1209;330f070e-a648-4713-9923-69f0a6795f20;1794794
1205;ebe393c6-aabe-4360-9649-7fee50e30058;1247556
1203;5c975281-1879-4d0b-bb93-ffea9e6ee628;1229093
1199;ab06296f-8284-4c04-9a95-121773cac775;1170266
1197;f941f29c-9979-4f14-a7ca-5739c09ed303;1216787
1189;1df6b573-bfcb-436d-ae1f-a40d6d96c944;
1187;052dc466-7f6e-46c5-ae6a-da2fe26c275d;1247537
1185;83dce2f8-702f-49b2-8ca1-17448ff0985e;1166427
1183;49084d55-3677-43bb-bcbb-cb054e443f12;1186739
1181;4e3b03ca-ce5f-488f-92e0-95599674fc01;1146835
1179;49084d55-3677-43bb-bcbb-cb054e443f12;1186739
1177;5d227492-d543-4963-89fa-d50f17616a87;1251340
1175;054d9bdc-2e74-47cd-af04-3a25d7004bcd;1264807
1173;49c34d7f-8a78-46ca-a890-5ff57d5d820c;
1171;b2283ac2-8d5d-4271-ac8a-9cba5e860605;
1169;d4daa334-9cc2-44ad-b36d-52d6fcc4d4b5;1247566
1167;2cdbe9f5-5dad-4c5d-82a2-18d1ed4f4f13;1219612
1165;43a5aa1b-186c-4511-9058-7db320c0d6e9;1166392
1157;932f66b1-f8e0-4638-a3f4-50f8b2a99dfb;
1151;4ca8faef-2405-47b3-b742-791caeac113c;1247545
1137;f5fc685c-55b9-4ba4-8e41-d11ba9582de7;1179343
1133;7453e142-1ca6-4888-8bbe-ccde4e8bf095;1205308
1131;be066271-e726-4e4e-a11c-f2c656989aa2;1183916
1129;c5b8d851-5d0f-46d3-9a7d-1054490a5f12;1167063
1119;58043f23-459f-4863-b7ba-07c258cbd037;
1103;190dd243-bc2e-415f-bb09-269835b4e78a;1182282
1101;315a4323-7bd6-46f3-a75b-0f0f7ae19e4f;
1099;b7d50c18-7fe0-4ef1-ab44-c1c4b581039d;
1097;315a4323-7bd6-46f3-a75b-0f0f7ae19e4f;
1087;4f101166-b4f4-41ee-a938-52b1e866e674;
1085;fcc44cf8-fb7e-45f6-b186-f0e88073e376;1250614
1077;20e2bfab-475b-4821-b11d-45e2501f6339;
1065;bf93cc13-229e-406d-8345-0bbdc26aab8e;1226542
1045;6e031c3c-eaa9-491b-a674-d27cfe28a4e6;1179463
1031;09b5a4d3-e2b0-4a19-9c9f-2d9cf553dc89;
1025;1c33d61c-30e8-4f74-8a21-a0759769f0b2;1202148
1023;5e711bd3-123c-44d6-9cb5-5e75d0e0ba48;1974744
1021;a3f01dbb-59d7-4ce2-a17a-9caad8cb44d5;
1019;18f25f17-899f-4f08-b749-9c863b644b87;
1017;446d349c-fa25-47dc-89d3-34c2fec58b1a;1520913
1015;56995c66-2a96-4d03-907c-3dc77a8d9410;1186402
1011;997ded0e-2e7b-4609-b181-0baa47324e2f;1229009
1009;95a1166f-f127-4b20-9c67-d6fcdaaadcd8;
999;ef5bbd47-61e6-4750-94dd-1a9bf345a067;
997;dfda2f5a-e8b6-4db2-a699-8b4ea0d6492f;1207884
993;2561ec73-206e-4e53-8475-9af4f797ddb6;1672350
991;58f03378-7e08-401c-b02c-fcfd63c6a781;1596810
983;b4cb2c08-76a3-4095-b09e-5a4c14211311;1206409
981;7dc6b6d8-7660-4df3-a976-59c9e62c681d;
977;e537d975-b17b-4c40-99f1-61d680dbef5f;1238913
973;bed11818-5283-493c-b4a8-547a23ad6888;
971;e1f21c25-fa58-441b-9691-ce27234ecece;1205221
969;98031f84-bdc8-4bd6-9bfc-e7065760e8b4;1246663
967;df3df1f0-3c68-4de9-8dc9-009cafe16152;
965;f9b7f756-5894-45f6-a1a2-d3355056efe2;1257231
963;21d92ffd-9a7c-4545-87d2-591f7602a10b;1767578
961;130a1e21-475d-4101-9aa5-51a2145f66fa;1232266
959;f137ece8-0df0-4d31-b777-d366db8fb877;1228285
957;414a6a3e-86ad-40fe-8446-3b6217c3d8b7;1199007
955;3114e454-6286-4683-9dbb-91fee21e5fe5;1202119
951;2f26876f-1032-4757-b7a3-64514e316b5b;1167167
949;c477eec7-56a5-4df7-b6ca-e0d40d6f163c;
947;eaacadfc-e9d6-4322-9f11-04709e0efee6;
945;5821cd86-0e8c-40ec-b738-4a9ed7c01301;1228961
941;100f4a90-0940-4ef8-bf37-e2ac23c92576;1228822
939;5821cd86-0e8c-40ec-b738-4a9ed7c01301;1228961
935;bb57cd60-6587-48d7-9acd-25f402714974;1170981
931;d67af295-e399-4c22-9cd2-b52aff0ae809;
927;6cc7992b-be86-46b0-9e1f-33b8c0702cee;
925;b708ceed-d181-4658-abae-aca1fdc0eb9b;
923;902ab138-de37-4a74-a7aa-ca70d3d4a6f1;1194240
921;34cd7e7c-4c46-467f-87f1-dc0e747988fe;1895424
919;917ccb2c-f743-4459-9924-a756aac8bba5;1226211
917;9145e7f7-058e-4f71-9f11-7a919abbc83b;1205375
915;9b137a4c-035c-49c2-88df-e9508a1d297e;1505477
913;e1341671-02d2-482a-9046-a8ae3f6fcd3f;1211318
911;5bdb3244-00fa-463e-b690-491c2fd66c86;1233146
907;38d76152-6613-4e92-92fb-a45c26045a3b;
905;e57602ed-2322-47c2-b9af-9f9c101bf30b;
901;c67e189b-f212-488f-b066-28436215f0cf;1565981
897;6fa496d2-2a73-4c8b-ae10-57e636c4f713;
891;a4c005d1-b37d-42d4-a6fb-78d4cba2217e;1147474
889;4a3d377b-e4c7-482d-a7df-249a75c96f8d;
875;d9bcaee2-7fac-4548-a01a-a50c6f769376;1176409
867;010e2953-9613-4cb3-a912-5f58fa6acba9;1205888
859;3c072ba6-b272-44b4-92e3-08eac79bc2fc;
857;26cc7a31-0740-4316-936e-efd8fadbc316;1205931
847;4eac94f6-df24-49eb-81ba-a99391ffc202;1727457
845;3f0bac25-0f01-4b12-99cb-87eceb1efd95;
837;4ae1d1bf-17b6-478a-acd8-b58f909ccafb;1777956
835;1c40c0d0-b7b4-4811-be56-a65388a549b7;1229921
823;ed737d0c-1fb7-4fec-8ab6-91c9d1c2cbfa;1687610
821;5fea07b6-51e6-4936-99d3-529d16c3a470;1169455
819;55f9492c-9471-4a34-866c-4e71e100e9cb;
817;1f9898b7-7a33-4480-8943-483825c82121;1190000
741;a6739ba8-6d21-4a91-9816-2e823573e24a;1559871
679;7903845e-a2c5-4064-b865-807714694a83;1172043
673;af7caeee-b460-489a-8f7f-c615b673aa95;
597;898cc83f-bd2b-49ac-9237-60ff2745f8e7;1543552
591;0705cda4-69d8-4b24-a295-40eb70561d6f;
525;7903845e-a2c5-4064-b865-807714694a83;1172043
495;0e9b7dd6-ea07-4777-8a06-0fa54d137140;1205236
381;81f1ddef-1703-4089-93f5-5799e1865db8;1521951
377;85ef9b93-f131-40f3-b5aa-e177fe3e6e31;1886201
325;cac9cf98-5827-4b74-9f3f-5f859c720049;1895457
317;6b8b09d7-7d27-45ba-be00-b9aadbdabae6;
315;2cd1c9df-76a4-4d5f-8bd3-2433d3baca34;1543500
311;292d6687-4ab9-43bd-a432-31feb14c9bc6;
299;ff48b325-c3bc-42d6-b128-4ee4fc269c24;
287;6e737e3c-9d56-45f6-832c-bbd768765935;
255;50647a6d-2120-462e-a275-c8f6093daac7;1148356
207;c34af3e6-9f09-425c-af7c-c7bb7cc5c49e;
51;daaf581b-a19b-416c-998e-2212007007ce;
37;daaf581b-a19b-416c-998e-2212007007ce;
